trace,keep,method,ipc,speedup_vs_no_prefetch,requested,issued,useful,useless,useful_per_issued,useful_over_useful_plus_useless,log
602.gcc_s-734B,True,LSTM_gcc_s-734B_L2_aligned_hex_th0.20_bp1.00,0.71750000,1.32209324,112446,112446,64473,48530,0.57336855,0.57054237,formal_NN_training/results/LSTM/draft/replay_compare/logs/602.gcc_s-734B.LSTM_gcc_s-734B_L2_aligned_hex_th0.20_bp1.00.log
602.gcc_s-734B,True,LSTM_gcc_s-734B_L2_aligned_hex_th0.25_bp1.00,0.71720000,1.32154045,112388,112388,64420,48533,0.57319287,0.57032571,formal_NN_training/results/LSTM/draft/replay_compare/logs/602.gcc_s-734B.LSTM_gcc_s-734B_L2_aligned_hex_th0.25_bp1.00.log
602.gcc_s-734B,True,LSTM_gcc_s-734B_L2_aligned_hex_th0.30_bp1.00,0.54620000,1.00644924,96507,96507,0,98883,0.00000000,0.00000000,formal_NN_training/results/LSTM/draft/replay_compare/logs/602.gcc_s-734B.LSTM_gcc_s-734B_L2_aligned_hex_th0.30_bp1.00.log
602.gcc_s-734B,True,LSTM_gcc_s-734B_L2_aligned_hex_th0.35_bp1.00,0.63710000,1.17394509,84776,84776,16348,70171,0.19283760,0.18895272,formal_NN_training/results/LSTM/draft/replay_compare/logs/602.gcc_s-734B.LSTM_gcc_s-734B_L2_aligned_hex_th0.35_bp1.00.log
602.gcc_s-734B,True,LSTM_gcc_s-734B_L2_aligned_hex_th0.40_bp1.00,0.55210000,1.01732080,7545,7545,3933,4142,0.52127237,0.48705882,formal_NN_training/results/LSTM/draft/replay_compare/logs/602.gcc_s-734B.LSTM_gcc_s-734B_L2_aligned_hex_th0.40_bp1.00.log
602.gcc_s-734B,False,LSTM_gcc_s-734B_L2_aligned_th0.20_bp1.00,0.50290000,0.92666298,112514,112514,0,113555,0.00000000,0.00000000,formal_NN_training/results/LSTM/draft/replay_compare/logs/602.gcc_s-734B.LSTM_gcc_s-734B_L2_aligned_th0.20_bp1.00.log
602.gcc_s-734B,False,LSTM_gcc_s-734B_L2_aligned_th0.40_bp1.00,0.53960000,0.99428782,7562,7562,0,8130,0.00000000,0.00000000,formal_NN_training/results/LSTM/draft/replay_compare/logs/602.gcc_s-734B.LSTM_gcc_s-734B_L2_aligned_th0.40_bp1.00.log
602.gcc_s-734B,False,LSTM_gcc_s-734B_L2_threshold_th0.20_bp1.00,0.54030000,0.99557767,5695,5695,0,5577,0.00000000,0.00000000,formal_NN_training/results/LSTM/draft/replay_compare/logs/602.gcc_s-734B.LSTM_gcc_s-734B_L2_threshold_th0.20_bp1.00.log
602.gcc_s-734B,False,LSTM_gcc_s-734B_L2_threshold_th0.40_bp1.00,0.54130000,0.99742031,2505,2505,0,2419,0.00000000,0.00000000,formal_NN_training/results/LSTM/draft/replay_compare/logs/602.gcc_s-734B.LSTM_gcc_s-734B_L2_threshold_th0.40_bp1.00.log
602.gcc_s-734B,False,LSTM_gcc_s-734B_action_th0.50_bp0.60,0.54250000,0.99963147,0,0,0,0,0.00000000,0.00000000,formal_NN_training/results/LSTM/draft/replay_compare/logs/602.gcc_s-734B.LSTM_gcc_s-734B_action_th0.50_bp0.60.log
602.gcc_s-734B,False,LSTM_gcc_s-734B_threshold_th0.20_bp1.00,0.50690000,0.93403354,0,0,0,0,0.00000000,0.00000000,formal_NN_training/results/LSTM/draft/replay_compare/logs/602.gcc_s-734B.LSTM_gcc_s-734B_threshold_th0.20_bp1.00.log
602.gcc_s-734B,False,LSTM_gcc_s-734B_threshold_th0.40_bp1.00,0.52780000,0.97254468,0,0,0,0,0.00000000,0.00000000,formal_NN_training/results/LSTM/draft/replay_compare/logs/602.gcc_s-734B.LSTM_gcc_s-734B_threshold_th0.40_bp1.00.log
619.lbm_s-4268B,True,LSTM_lbm_s-4268B_L2_aligned_hex_th0.20_bp1.00,0.43410000,0.99907940,5512,5512,0,5520,0.00000000,0.00000000,formal_NN_training/results/LSTM/draft/replay_compare/logs/619.lbm_s-4268B.LSTM_lbm_s-4268B_L2_aligned_hex_th0.20_bp1.00.log
619.lbm_s-4268B,True,LSTM_lbm_s-4268B_L2_replayidx_hex_th0.10_bp1.00,0.45680000,1.05132336,166217,166217,157564,5946,0.94794155,0.96363525,formal_NN_training/results/LSTM/draft/replay_compare/logs/619.lbm_s-4268B.LSTM_lbm_s-4268B_L2_replayidx_hex_th0.10_bp1.00.log
619.lbm_s-4268B,True,LSTM_lbm_s-4268B_L2_replayidx_hex_th0.15_bp1.00,0.45680000,1.05132336,166217,166217,157564,5946,0.94794155,0.96363525,formal_NN_training/results/LSTM/draft/replay_compare/logs/619.lbm_s-4268B.LSTM_lbm_s-4268B_L2_replayidx_hex_th0.15_bp1.00.log
619.lbm_s-4268B,True,LSTM_lbm_s-4268B_L2_replayidx_hex_th0.20_bp1.00,0.45680000,1.05132336,166217,166217,157564,5946,0.94794155,0.96363525,formal_NN_training/results/LSTM/draft/replay_compare/logs/619.lbm_s-4268B.LSTM_lbm_s-4268B_L2_replayidx_hex_th0.20_bp1.00.log
619.lbm_s-4268B,True,LSTM_lbm_s-4268B_L2_replayidx_hex_th0.25_bp1.00,0.45680000,1.05132336,166217,166217,157564,5946,0.94794155,0.96363525,formal_NN_training/results/LSTM/draft/replay_compare/logs/619.lbm_s-4268B.LSTM_lbm_s-4268B_L2_replayidx_hex_th0.25_bp1.00.log
619.lbm_s-4268B,True,LSTM_lbm_s-4268B_L2_replayidx_hex_th0.30_bp1.00,0.45680000,1.05132336,166217,166217,157564,5946,0.94794155,0.96363525,formal_NN_training/results/LSTM/draft/replay_compare/logs/619.lbm_s-4268B.LSTM_lbm_s-4268B_L2_replayidx_hex_th0.30_bp1.00.log
619.lbm_s-4268B,True,LSTM_lbm_s-4268B_L2_replayidx_hex_th0.35_bp1.00,0.45680000,1.05132336,166217,166217,157564,5946,0.94794155,0.96363525,formal_NN_training/results/LSTM/draft/replay_compare/logs/619.lbm_s-4268B.LSTM_lbm_s-4268B_L2_replayidx_hex_th0.35_bp1.00.log
619.lbm_s-4268B,False,LSTM_no_timing_lead128,0.45440000,1.04579977,166141,166141,159039,6551,0.95725318,0.96043843,formal_NN_training/results/LSTM/draft/replay_compare/logs/619.lbm_s-4268B.LSTM_no_timing_lead128.log
619.lbm_s-4268B,False,LSTM_no_timing_lead16,0.45510000,1.04741082,166214,166214,159412,6093,0.95907685,0.96318540,formal_NN_training/results/LSTM/draft/replay_compare/logs/619.lbm_s-4268B.LSTM_no_timing_lead16.log
619.lbm_s-4268B,False,LSTM_no_timing_lead256,0.45410000,1.04510932,166088,166088,159076,6523,0.95778142,0.96060967,formal_NN_training/results/LSTM/draft/replay_compare/logs/619.lbm_s-4268B.LSTM_no_timing_lead256.log
619.lbm_s-4268B,False,LSTM_no_timing_lead4,0.45710000,1.05201381,166215,166215,157943,6334,0.95023313,0.96144317,formal_NN_training/results/LSTM/draft/replay_compare/logs/619.lbm_s-4268B.LSTM_no_timing_lead4.log
619.lbm_s-4268B,False,LSTM_no_timing_lead64,0.45440000,1.04579977,166175,166175,159517,6082,0.95993380,0.96327273,formal_NN_training/results/LSTM/draft/replay_compare/logs/619.lbm_s-4268B.LSTM_no_timing_lead64.log
619.lbm_s-4268B,False,LSTM_no_timing_manual,0.45680000,1.05132336,166217,166217,157564,5946,0.94794155,0.96363525,formal_NN_training/results/LSTM/draft/replay_compare/logs/619.lbm_s-4268B.LSTM_no_timing_manual.log
619.lbm_s-4268B,False,LSTM_timing_0_5,0.45610000,1.04971231,165987,165987,156787,5680,0.94457397,0.96503905,formal_NN_training/results/LSTM/draft/replay_compare/logs/619.lbm_s-4268B.LSTM_timing_0_5.log
619.lbm_s-4268B,False,LSTM_timing_1_5,0.45680000,1.05132336,165987,165987,157611,5853,0.94953822,0.96419395,formal_NN_training/results/LSTM/draft/replay_compare/logs/619.lbm_s-4268B.LSTM_timing_1_5.log
619.lbm_s-4268B,False,LSTM_timing_2_3,0.45100000,1.03797468,143251,143251,135972,4941,0.94918709,0.96493581,formal_NN_training/results/LSTM/draft/replay_compare/logs/619.lbm_s-4268B.LSTM_timing_2_3.log
619.lbm_s-4268B,False,LSTM_timing_2_4,0.45610000,1.04971231,165388,165388,156184,6114,0.94434905,0.96232856,formal_NN_training/results/LSTM/draft/replay_compare/logs/619.lbm_s-4268B.LSTM_timing_2_4.log
619.lbm_s-4268B,False,LSTM_timing_3_3,0.45020000,1.03613349,136012,136012,129218,5022,0.95004853,0.96258939,formal_NN_training/results/LSTM/draft/replay_compare/logs/619.lbm_s-4268B.LSTM_timing_3_3.log
619.lbm_s-4268B,False,LSTM_timing_3_4,0.45550000,1.04833142,158149,158149,149746,5776,0.94686656,0.96286056,formal_NN_training/results/LSTM/draft/replay_compare/logs/619.lbm_s-4268B.LSTM_timing_3_4.log
619.lbm_s-4268B,False,LSTM_timing_4_4,0.43560000,1.00253165,22137,22137,20745,938,0.93711885,0.95674030,formal_NN_training/results/LSTM/draft/replay_compare/logs/619.lbm_s-4268B.LSTM_timing_4_4.log
605.mcf_s-994B,True,LSTM_mcf_s-994B_L2_replayidx_hex_th0p00001_allow_bypass,0.17770000,0.96523628,269119,269119,242,234525,0.00089923,0.00103081,formal_NN_training/results/LSTM/draft/replay_compare/logs/605.mcf_s-994B.LSTM_mcf_s-994B_L2_replayidx_hex_th0p00001_allow_bypass.log
605.mcf_s-994B,True,LSTM_mcf_s-994B_L2_replayidx_hex_th0p00005_allow_bypass,0.18070000,0.98153178,122560,122560,100,112726,0.00081593,0.00088632,formal_NN_training/results/LSTM/draft/replay_compare/logs/605.mcf_s-994B.LSTM_mcf_s-994B_L2_replayidx_hex_th0p00005_allow_bypass.log
605.mcf_s-994B,True,LSTM_mcf_s-994B_L2_replayidx_hex_th0p0001_allow_bypass,0.18190000,0.98804997,67874,67874,96,64374,0.00141439,0.00148906,formal_NN_training/results/LSTM/draft/replay_compare/logs/605.mcf_s-994B.LSTM_mcf_s-994B_L2_replayidx_hex_th0p0001_allow_bypass.log
605.mcf_s-994B,True,LSTM_mcf_s-994B_L2_replayidx_hex_th0p0002_allow_bypass,0.18290000,0.99348180,34451,34451,51,32605,0.00148036,0.00156173,formal_NN_training/results/LSTM/draft/replay_compare/logs/605.mcf_s-994B.LSTM_mcf_s-994B_L2_replayidx_hex_th0p0002_allow_bypass.log
605.mcf_s-994B,True,LSTM_mcf_s-994B_L2_replayidx_hex_th0p0005_allow_bypass,0.18330000,0.99565454,19079,19079,96,18309,0.00503171,0.00521597,formal_NN_training/results/LSTM/draft/replay_compare/logs/605.mcf_s-994B.LSTM_mcf_s-994B_L2_replayidx_hex_th0p0005_allow_bypass.log
605.mcf_s-994B,True,LSTM_mcf_s-994B_L2_replayidx_hex_th0p001_allow_bypass,0.18380000,0.99837045,7365,7365,57,6942,0.00773931,0.00814402,formal_NN_training/results/LSTM/draft/replay_compare/logs/605.mcf_s-994B.LSTM_mcf_s-994B_L2_replayidx_hex_th0p001_allow_bypass.log
620.omnetpp_s-874B,True,LSTM_omnetpp_s-874B_L2_replayidx_hex_th0.20_bp1.00,0.31580000,1.00031676,402,402,10,385,0.02487562,0.02531646,formal_NN_training/results/LSTM/draft/replay_compare/logs/620.omnetpp_s-874B.LSTM_omnetpp_s-874B_L2_replayidx_hex_th0.20_bp1.00.log
620.omnetpp_s-874B,True,LSTM_omnetpp_s-874B_L2_replayidx_hex_th0p00001_bp1p01,0.31580000,1.00031676,402,402,10,385,0.02487562,0.02531646,formal_NN_training/results/LSTM/draft/replay_compare/logs/620.omnetpp_s-874B.LSTM_omnetpp_s-874B_L2_replayidx_hex_th0p00001_bp1p01.log
620.omnetpp_s-874B,True,LSTM_omnetpp_s-874B_L2_replayidx_hex_th0p00005_bp1p01,0.31580000,1.00031676,402,402,10,385,0.02487562,0.02531646,formal_NN_training/results/LSTM/draft/replay_compare/logs/620.omnetpp_s-874B.LSTM_omnetpp_s-874B_L2_replayidx_hex_th0p00005_bp1p01.log
620.omnetpp_s-874B,True,LSTM_omnetpp_s-874B_L2_replayidx_hex_th0p0001_bp1p01,0.31580000,1.00031676,402,402,10,385,0.02487562,0.02531646,formal_NN_training/results/LSTM/draft/replay_compare/logs/620.omnetpp_s-874B.LSTM_omnetpp_s-874B_L2_replayidx_hex_th0p0001_bp1p01.log
620.omnetpp_s-874B,True,LSTM_omnetpp_s-874B_L2_replayidx_hex_th0p0005_bp1p01,0.31580000,1.00031676,402,402,10,385,0.02487562,0.02531646,formal_NN_training/results/LSTM/draft/replay_compare/logs/620.omnetpp_s-874B.LSTM_omnetpp_s-874B_L2_replayidx_hex_th0p0005_bp1p01.log
620.omnetpp_s-874B,True,LSTM_omnetpp_s-874B_L2_replayidx_hex_th0p001_bp1p01,0.31580000,1.00031676,402,402,10,385,0.02487562,0.02531646,formal_NN_training/results/LSTM/draft/replay_compare/logs/620.omnetpp_s-874B.LSTM_omnetpp_s-874B_L2_replayidx_hex_th0p001_bp1p01.log
620.omnetpp_s-874B,True,LSTM_omnetpp_s-874B_L2_replayidx_hex_th0p005_bp1p01,0.31580000,1.00031676,402,402,10,385,0.02487562,0.02531646,formal_NN_training/results/LSTM/draft/replay_compare/logs/620.omnetpp_s-874B.LSTM_omnetpp_s-874B_L2_replayidx_hex_th0p005_bp1p01.log
620.omnetpp_s-874B,True,LSTM_omnetpp_s-874B_L2_replayidx_hex_th0p01_bp1p01,0.31580000,1.00031676,402,402,10,385,0.02487562,0.02531646,formal_NN_training/results/LSTM/draft/replay_compare/logs/620.omnetpp_s-874B.LSTM_omnetpp_s-874B_L2_replayidx_hex_th0p01_bp1p01.log
620.omnetpp_s-874B,True,LSTM_omnetpp_s-874B_L2_replayidx_hex_th0p05_bp1p01,0.31580000,1.00031676,402,402,10,385,0.02487562,0.02531646,formal_NN_training/results/LSTM/draft/replay_compare/logs/620.omnetpp_s-874B.LSTM_omnetpp_s-874B_L2_replayidx_hex_th0p05_bp1p01.log
620.omnetpp_s-874B,True,LSTM_omnetpp_s-874B_L2_replayidx_hex_th0p10_bp1p01,0.31580000,1.00031676,402,402,10,385,0.02487562,0.02531646,formal_NN_training/results/LSTM/draft/replay_compare/logs/620.omnetpp_s-874B.LSTM_omnetpp_s-874B_L2_replayidx_hex_th0p10_bp1p01.log
620.omnetpp_s-874B,True,LSTM_omnetpp_s-874B_L2_replayidx_hex_th0p20_bp1p01,0.31580000,1.00031676,402,402,10,385,0.02487562,0.02531646,formal_NN_training/results/LSTM/draft/replay_compare/logs/620.omnetpp_s-874B.LSTM_omnetpp_s-874B_L2_replayidx_hex_th0p20_bp1p01.log
623.xalancbmk_s-700B,True,LSTM_xalancbmk_s-700B_L2_replayidx_hex_th0p00001_allow_bypass,1.08000000,0.99264706,434606,434606,6748,40153,0.01552671,0.14387753,formal_NN_training/results/LSTM/draft/replay_compare/logs/623.xalancbmk_s-700B.LSTM_xalancbmk_s-700B_L2_replayidx_hex_th0p00001_allow_bypass.log
623.xalancbmk_s-700B,True,LSTM_xalancbmk_s-700B_L2_replayidx_hex_th0p00005_allow_bypass,1.08600000,0.99816176,153837,153837,1940,10654,0.01261075,0.15404161,formal_NN_training/results/LSTM/draft/replay_compare/logs/623.xalancbmk_s-700B.LSTM_xalancbmk_s-700B_L2_replayidx_hex_th0p00005_allow_bypass.log
623.xalancbmk_s-700B,True,LSTM_xalancbmk_s-700B_L2_replayidx_hex_th0p0001_allow_bypass,1.08800000,1.00000000,87428,87428,1121,4743,0.01282198,0.19116644,formal_NN_training/results/LSTM/draft/replay_compare/logs/623.xalancbmk_s-700B.LSTM_xalancbmk_s-700B_L2_replayidx_hex_th0p0001_allow_bypass.log
623.xalancbmk_s-700B,True,LSTM_xalancbmk_s-700B_L2_replayidx_hex_th0p0005_allow_bypass,1.08900000,1.00091912,11113,11113,81,530,0.00728876,0.13256956,formal_NN_training/results/LSTM/draft/replay_compare/logs/623.xalancbmk_s-700B.LSTM_xalancbmk_s-700B_L2_replayidx_hex_th0p0005_allow_bypass.log
623.xalancbmk_s-700B,True,LSTM_xalancbmk_s-700B_L2_replayidx_hex_th0p001_allow_bypass,1.08800000,1.00000000,3373,3373,15,85,0.00444708,0.15000000,formal_NN_training/results/LSTM/draft/replay_compare/logs/623.xalancbmk_s-700B.LSTM_xalancbmk_s-700B_L2_replayidx_hex_th0p001_allow_bypass.log
623.xalancbmk_s-700B,True,LSTM_xalancbmk_s-700B_L2_replayidx_hex_th0p005_allow_bypass,1.08800000,1.00000000,225,225,0,1,0.00000000,0.00000000,formal_NN_training/results/LSTM/draft/replay_compare/logs/623.xalancbmk_s-700B.LSTM_xalancbmk_s-700B_L2_replayidx_hex_th0p005_allow_bypass.log
623.xalancbmk_s-700B,True,LSTM_xalancbmk_s-700B_L2_replayidx_hex_th0p01_allow_bypass,1.08800000,1.00000000,199,199,0,0,0.00000000,0.00000000,formal_NN_training/results/LSTM/draft/replay_compare/logs/623.xalancbmk_s-700B.LSTM_xalancbmk_s-700B_L2_replayidx_hex_th0p01_allow_bypass.log
