run_id,arm,protocol,phase,hidden_size,seed,checkpoint,state_capacity,service_case,slice_origin_instructions,simulation_instructions,observed_trace_origin_records,eligible_callbacks,pf_requested,pf_filled,pf_dropped,input_drops,pf_useful,admitted_decisions,l2_load_miss,output_drops,state_evictions,pf_issued,numerical_failures,decoder_limit_drops,l2_loads,instructions,pf_useless,pq_merged_duplicate_proxy,cycles,pf_late,completed_decisions,window,start_instructions,end_instructions,cumulative_cycles,ipc,l2_mpki,l2_load_miss_rate,useful_prefetch_coverage,miss_reduction,raw_accuracy,selected_accuracy,legacy_timeliness,request_pressure,window_cycles_saved_vs_stride,cumulative_cycles_saved_vs_stride,total_eligible_callbacks,total_admitted_decisions,total_completed_decisions,total_state_evictions,total_input_drops,total_output_drops,total_decoder_limit_drops,total_numerical_failures
cold_frozen_i1m_h16_s7_state0_mac0,frozen,cold,final,16,7,i1m,0,0,25000000,25000000,25000000,16196.0,19454.0,5122.0,0.0,0.0,5045.0,16196.0,3550.0,0.0,0.0,19454.0,0.0,0.0,16195.0,1000000.0,31.0,0.0,2468073.0,0.0,16196.0,1,0.0,1000000.0,2468073.0,0.4051744012433992,3.55,0.2192034578573634,0.5869691681210005,0.5869691681210005,0.2593297008327336,0.2593297008327336,1.0,1.2012349490583514,314984.0,314984.0,16196.0,16196.0,16196.0,0.0,0.0,0.0,0.0,0.0
cold_frozen_i1m_h16_s7_state0_mac0,frozen,cold,final,16,7,i1m,0,0,25000000,25000000,25000000,16124.0,19390.0,4789.0,0.0,0.0,4716.0,16124.0,3300.0,0.0,0.0,19390.0,0.0,0.0,16125.0,1000000.0,59.0,0.0,2446891.0,1.0,16124.0,2,1000000.0,2000000.0,4914964.0,0.4086818742641172,3.3,0.20465116279069767,0.5883233532934131,0.5883233532934131,0.24321815368746777,0.24321815368746777,0.9997880008479966,1.2024806201550389,280341.0,595325.0,32320.0,32320.0,32320.0,0.0,0.0,0.0,0.0,0.0
cold_frozen_i1m_h16_s7_state0_mac0,frozen,cold,final,16,7,i1m,0,0,25000000,25000000,25000000,16133.0,19408.0,4786.0,0.0,0.0,4714.0,16133.0,3287.0,0.0,0.0,19408.0,0.0,0.0,16133.0,1000000.0,80.0,0.0,2443398.0,0.0,16133.0,3,2000000.0,3000000.0,7358362.0,0.40926611219293785,3.287,0.20374387900576457,0.5891763529558806,0.5891763529558806,0.24288953009068426,0.24288953009068426,1.0,1.2030000619847518,292099.0,887424.0,48453.0,48453.0,48453.0,0.0,0.0,0.0,0.0,0.0
cold_frozen_i1m_h16_s7_state0_mac0,frozen,cold,final,16,7,i1m,0,0,25000000,25000000,25000000,16100.0,19448.0,4807.0,0.0,0.0,4733.0,16100.0,3270.0,0.0,0.0,19448.0,0.0,0.0,16100.0,1000000.0,63.0,0.0,2446163.0,0.0,16100.0,4,3000000.0,4000000.0,9804525.0,0.4088035016472737,3.27,0.2031055900621118,0.5913293353323338,0.5914542728635682,0.2433669271904566,0.2433669271904566,1.0,1.2079503105590061,295125.0,1182549.0,64553.0,64553.0,64553.0,0.0,0.0,0.0,0.0,0.0
cold_frozen_i1m_h16_s7_state0_mac0,frozen,cold,final,16,7,i1m,0,0,25000000,25000000,25000000,16178.0,19562.0,4834.0,0.0,0.0,4727.0,16178.0,3317.0,0.0,0.0,19562.0,0.0,0.0,16178.0,1000000.0,104.0,0.0,2450215.0,0.0,16178.0,5,4000000.0,5000000.0,12254740.0,0.40812745004009854,3.317,0.20503152429224875,0.587642963699652,0.587642963699652,0.24164195889990797,0.24164195889990797,1.0,1.2091729509210039,292089.0,1474638.0,80731.0,80731.0,80731.0,0.0,0.0,0.0,0.0,0.0
cold_frozen_i1m_h16_s7_state0_mac0,frozen,cold,final,16,7,i1m,0,0,25000000,25000000,25000000,16126.0,19480.0,4870.0,0.0,0.0,4693.0,16126.0,3396.0,0.0,0.0,19480.0,0.0,0.0,16125.0,1000000.0,145.0,0.0,2469998.0,0.0,16126.0,6,5000000.0,6000000.0,14724738.0,0.4048586274158926,3.396,0.2106046511627907,0.5801706020521696,0.5801706020521696,0.24091375770020534,0.24091375770020534,1.0,1.208062015503876,286960.0,1761598.0,96857.0,96857.0,96857.0,0.0,0.0,0.0,0.0,0.0
cold_frozen_i1m_h16_s7_state0_mac0,frozen,cold,final,16,7,i1m,0,0,25000000,25000000,25000000,16179.0,19462.0,4852.0,0.0,0.0,4717.0,16179.0,3373.0,0.0,0.0,19462.0,0.0,0.0,16180.0,1000000.0,157.0,0.0,2454140.0,0.0,16179.0,7,6000000.0,7000000.0,17178878.0,0.40747471619386016,3.373,0.2084672435105068,0.5830655129789865,0.5830655129789865,0.24236974617202753,0.24236974617202753,1.0,1.2028430160692212,274999.0,2036597.0,113036.0,113036.0,113036.0,0.0,0.0,0.0,0.0,0.0
cold_frozen_i1m_h16_s7_state0_mac0,frozen,cold,final,16,7,i1m,0,0,25000000,25000000,25000000,16131.0,19496.0,4843.0,0.0,0.0,4726.0,16131.0,3291.0,0.0,0.0,19496.0,0.0,0.0,16131.0,1000000.0,126.0,0.0,2442776.0,0.0,16131.0,8,7000000.0,8000000.0,19621654.0,0.40937032294406034,3.291,0.20401710991259067,0.5894973181988274,0.5894973181988274,0.24240869922035288,0.24240869922035288,1.0,1.2086045502448701,284922.0,2321519.0,129167.0,129167.0,129167.0,0.0,0.0,0.0,0.0,0.0
cold_frozen_i1m_h16_s7_state0_mac0,frozen,cold,final,16,7,i1m,0,0,25000000,25000000,25000000,16161.0,19490.0,4857.0,0.0,0.0,4717.0,16161.0,3372.0,0.0,0.0,19490.0,0.0,0.0,16161.0,1000000.0,143.0,0.0,2467368.0,0.0,16161.0,9,8000000.0,9000000.0,22089022.0,0.4052901715512238,3.372,0.2086504547985892,0.5831375942638151,0.5831375942638151,0.24202154951257054,0.24202154951257054,1.0,1.2059897283583936,279736.0,2601255.0,145328.0,145328.0,145328.0,0.0,0.0,0.0,0.0,0.0
cold_frozen_i1m_h16_s7_state0_mac0,frozen,cold,final,16,7,i1m,0,0,25000000,25000000,25000000,16148.0,19418.0,4810.0,0.0,0.0,4697.0,16148.0,3351.0,0.0,0.0,19418.0,0.0,0.0,16148.0,1000000.0,108.0,0.0,2449317.0,1.0,16148.0,10,9000000.0,10000000.0,24538339.0,0.4082770829582288,3.351,0.2075179588803567,0.5836232604373758,0.5836232604373758,0.24188896899783704,0.24188896899783704,0.9997871434653044,1.2025018578152094,279791.0,2881046.0,161476.0,161476.0,161476.0,0.0,0.0,0.0,0.0,0.0
cold_frozen_i1m_h16_s7_state0_mac0,frozen,cold,final,16,7,i1m,0,0,25000000,25000000,25000000,16137.0,19400.0,4797.0,0.0,0.0,4713.0,16137.0,3301.0,0.0,0.0,19400.0,0.0,0.0,16137.0,1000000.0,88.0,0.0,2447366.0,2.0,16137.0,11,10000000.0,11000000.0,26985705.0,0.4086025547466133,3.301,0.20456094689223522,0.5880958322934864,0.5880958322934864,0.2429381443298969,0.2429381443298969,0.999575821845175,1.2022061101815702,283187.0,3164233.0,177613.0,177613.0,177613.0,0.0,0.0,0.0,0.0,0.0
cold_frozen_i1m_h16_s7_state0_mac0,frozen,cold,final,16,7,i1m,0,0,25000000,25000000,25000000,16443.0,19816.0,5102.0,0.0,0.0,4771.0,16443.0,3870.0,0.0,0.0,19816.0,0.0,0.0,16443.0,1000000.0,180.0,0.0,2544804.0,49.0,16443.0,12,11000000.0,12000000.0,29530509.0,0.3929575715850808,3.87,0.23535851122058019,0.5521351695405624,0.5521351695405624,0.24076503835284618,0.24076503835284618,0.9898340248962656,1.2051328832938029,284363.0,3448596.0,194056.0,194056.0,194056.0,0.0,0.0,0.0,0.0,0.0
cold_frozen_i1m_h16_s7_state0_mac0,frozen,cold,final,16,7,i1m,0,0,25000000,25000000,25000000,16477.0,19490.0,5048.0,0.0,0.0,4710.0,16477.0,4052.0,0.0,0.0,19490.0,0.0,0.0,16477.0,1000000.0,392.0,0.0,2588028.0,37.0,16477.0,13,12000000.0,13000000.0,32118537.0,0.3863945830570612,4.052,0.24591855313467256,0.5376098618879124,0.5374957196667047,0.24166239096972805,0.24166239096972805,0.9922056035390773,1.1828609576986102,293875.0,3742471.0,210533.0,210533.0,210533.0,0.0,0.0,0.0,0.0,0.0
cold_frozen_i1m_h16_s7_state0_mac0,frozen,cold,final,16,7,i1m,0,0,25000000,25000000,25000000,16478.0,19736.0,5359.0,0.0,0.0,5013.0,16478.0,4047.0,0.0,0.0,19736.0,0.0,0.0,16478.0,1000000.0,402.0,0.0,2597320.0,9.0,16478.0,14,13000000.0,14000000.0,34715857.0,0.38501224338933976,4.047,0.24560019419832504,0.5533723369025279,0.5532619494425434,0.25400283745439806,0.25400283745439806,0.9982078853046595,1.1977181696807866,311049.0,4053520.0,227011.0,227011.0,227011.0,0.0,0.0,0.0,0.0,0.0
cold_frozen_i1m_h16_s7_state0_mac0,frozen,cold,final,16,7,i1m,0,0,25000000,25000000,25000000,16096.0,19422.0,4865.0,0.0,0.0,4738.0,16096.0,3310.0,0.0,0.0,19422.0,0.0,0.0,16096.0,1000000.0,155.0,0.0,2449365.0,0.0,16096.0,15,14000000.0,15000000.0,37165222.0,0.4082690819865557,3.31,0.20564115308151093,0.5887176938369781,0.5887176938369781,0.24395015961281022,0.24395015961281022,1.0,1.2066351888667992,286349.0,4339869.0,243107.0,243107.0,243107.0,0.0,0.0,0.0,0.0,0.0
cold_frozen_i1m_h16_s7_state0_mac0,frozen,cold,final,16,7,i1m,0,0,25000000,25000000,25000000,16111.0,19492.0,4843.0,0.0,0.0,4731.0,16111.0,3298.0,0.0,0.0,19492.0,0.0,0.0,16111.0,1000000.0,132.0,0.0,2449539.0,0.0,16111.0,16,15000000.0,16000000.0,39614761.0,0.4082400810928097,3.298,0.20470486003351748,0.5893124065769806,0.5891878425510713,0.242714959983583,0.242714959983583,1.0,1.2098566197008256,286436.0,4626305.0,259218.0,259218.0,259218.0,0.0,0.0,0.0,0.0,0.0
cold_frozen_i1m_h16_s7_state0_mac0,frozen,cold,final,16,7,i1m,0,0,25000000,25000000,25000000,16140.0,19494.0,4846.0,0.0,0.0,4724.0,16140.0,3314.0,0.0,0.0,19494.0,0.0,0.0,16140.0,1000000.0,106.0,0.0,2449429.0,0.0,16140.0,17,16000000.0,17000000.0,42064190.0,0.4082584145121169,3.314,0.20532837670384138,0.5877083851704404,0.5877083851704404,0.2423309736329127,0.2423309736329127,1.0,1.2078066914498142,293336.0,4919641.0,275358.0,275358.0,275358.0,0.0,0.0,0.0,0.0,0.0
cold_frozen_i1m_h16_s7_state0_mac0,frozen,cold,final,16,7,i1m,0,0,25000000,25000000,25000000,16122.0,19492.0,4844.0,0.0,0.0,4731.0,16122.0,3315.0,0.0,0.0,19492.0,0.0,0.0,16122.0,1000000.0,120.0,0.0,2452208.0,0.0,16122.0,18,17000000.0,18000000.0,44516398.0,0.4077957497895774,3.315,0.20561965016747302,0.5879940343027591,0.5879940343027591,0.242714959983583,0.242714959983583,1.0,1.2090311375759832,282447.0,5202088.0,291480.0,291480.0,291480.0,0.0,0.0,0.0,0.0,0.0
cold_frozen_i1m_h16_s7_state0_mac0,frozen,cold,final,16,7,i1m,0,0,25000000,25000000,25000000,16101.0,19488.0,4818.0,0.0,0.0,4736.0,16101.0,3263.0,0.0,0.0,19488.0,0.0,0.0,16101.0,1000000.0,100.0,0.0,2445313.0,0.0,16101.0,19,18000000.0,19000000.0,46961711.0,0.40894560328268814,3.263,0.20265821998633626,0.5920740092511564,0.5920740092511564,0.24302134646962234,0.24302134646962234,1.0,1.2103596049934786,294530.0,5496618.0,307581.0,307581.0,307581.0,0.0,0.0,0.0,0.0,0.0
cold_frozen_i1m_h16_s7_state0_mac0,frozen,cold,final,16,7,i1m,0,0,25000000,25000000,25000000,16119.0,19484.0,4823.0,0.0,0.0,4718.0,16119.0,3303.0,0.0,0.0,19484.0,0.0,0.0,16119.0,1000000.0,87.0,0.0,2444543.0,0.0,16119.0,20,19000000.0,20000000.0,49406254.0,0.4090744159542295,3.303,0.20491345616973758,0.5882059593566887,0.5882059593566887,0.24214740299733115,0.24214740299733115,1.0,1.2087598486258453,287200.0,5783818.0,323700.0,323700.0,323700.0,0.0,0.0,0.0,0.0,0.0
cold_frozen_i1m_h16_s7_state0_mac0,frozen,cold,final,16,7,i1m,0,0,25000000,25000000,25000000,16118.0,19438.0,4835.0,0.0,0.0,4737.0,16118.0,3289.0,0.0,0.0,19438.0,0.0,0.0,16118.0,1000000.0,104.0,0.0,2439661.0,0.0,16118.0,21,20000000.0,21000000.0,51845915.0,0.4098930138244617,3.289,0.204057575381561,0.5902068278096188,0.5902068278096188,0.2436979113077477,0.2436979113077477,1.0,1.2059808909293956,291631.0,6075449.0,339818.0,339818.0,339818.0,0.0,0.0,0.0,0.0,0.0
cold_frozen_i1m_h16_s7_state0_mac0,frozen,cold,final,16,7,i1m,0,0,25000000,25000000,25000000,16084.0,19422.0,4830.0,0.0,0.0,4727.0,16084.0,3311.0,0.0,0.0,19422.0,0.0,0.0,16084.0,1000000.0,102.0,0.0,2458458.0,0.0,16084.0,22,21000000.0,22000000.0,54304373.0,0.40675903350799564,3.311,0.20585675205172843,0.5880816123413785,0.5880816123413785,0.24338379157656267,0.24338379157656267,1.0,1.207535438945536,285886.0,6361335.0,355902.0,355902.0,355902.0,0.0,0.0,0.0,0.0,0.0
cold_frozen_i1m_h16_s7_state0_mac0,frozen,cold,final,16,7,i1m,0,0,25000000,25000000,25000000,16132.0,19594.0,4862.0,0.0,0.0,4737.0,16132.0,3308.0,0.0,0.0,19594.0,0.0,0.0,16132.0,1000000.0,111.0,0.0,2447788.0,0.0,16132.0,23,22000000.0,23000000.0,56752161.0,0.40853211144102347,3.308,0.20505826927845278,0.5888129272840273,0.5888129272840273,0.24175768092273145,0.24175768092273145,1.0,1.2146045127696503,278730.0,6640065.0,372034.0,372034.0,372034.0,0.0,0.0,0.0,0.0,0.0
cold_frozen_i1m_h16_s7_state0_mac0,frozen,cold,final,16,7,i1m,0,0,25000000,25000000,25000000,16130.0,19620.0,4855.0,0.0,0.0,4717.0,16130.0,3310.0,0.0,0.0,19620.0,0.0,0.0,16130.0,1000000.0,143.0,0.0,2436602.0,0.0,16130.0,24,23000000.0,24000000.0,59188763.0,0.4104076086287379,3.31,0.20520768753874769,0.5876417092313442,0.5876417092313442,0.24041794087665647,0.24041794087665647,1.0,1.2163670179789212,275182.0,6915247.0,388164.0,388164.0,388164.0,0.0,0.0,0.0,0.0,0.0
cold_frozen_i1m_h16_s7_state0_mac0,frozen,cold,final,16,7,i1m,0,0,25000000,25000000,25000000,16107.0,19448.0,4826.0,0.0,0.0,4756.0,16107.0,3224.0,0.0,0.0,19448.0,0.0,0.0,16107.0,1000000.0,91.0,0.0,2308412.0,0.0,16107.0,25,24000000.0,25000000.0,61497175.0,0.43319823324432555,3.224,0.20016142050040356,0.5959899749373434,0.5959899749373434,0.24454956807897985,0.24454956807897985,1.0,1.2074253430185633,85303.0,7000550.0,404271.0,404271.0,404271.0,0.0,0.0,0.0,0.0,0.0
cold_frozen_i1m_h8_s7_state0_mac0,frozen,cold,final,8,7,i1m,0,0,25000000,25000000,25000000,16196.0,19443.0,5113.0,0.0,0.0,5039.0,16196.0,3556.0,0.0,0.0,19443.0,0.0,0.0,16195.0,1000000.0,32.0,0.0,2468218.0,0.0,16196.0,1,0.0,1000000.0,2468218.0,0.4051505985289792,3.556,0.21957394257486879,0.5862710878417685,0.5862710878417685,0.25916782389548937,0.25916782389548937,1.0,1.2005557270762581,314839.0,314839.0,16196.0,16196.0,16196.0,0.0,0.0,0.0,0.0,0.0
cold_frozen_i1m_h8_s7_state0_mac0,frozen,cold,final,8,7,i1m,0,0,25000000,25000000,25000000,16124.0,19332.0,4769.0,0.0,0.0,4706.0,16124.0,3310.0,0.0,0.0,19332.0,0.0,0.0,16125.0,1000000.0,55.0,0.0,2448510.0,0.0,16124.0,2,1000000.0,2000000.0,4916728.0,0.40841164626650495,3.31,0.20527131782945737,0.5870758483033932,0.5870758483033932,0.24343058141940824,0.24343058141940824,1.0,1.1988837209302325,278722.0,593561.0,32320.0,32320.0,32320.0,0.0,0.0,0.0,0.0,0.0
cold_frozen_i1m_h8_s7_state0_mac0,frozen,cold,final,8,7,i1m,0,0,25000000,25000000,25000000,16133.0,19380.0,4782.0,0.0,0.0,4714.0,16133.0,3287.0,0.0,0.0,19380.0,0.0,0.0,16133.0,1000000.0,65.0,0.0,2443451.0,0.0,16133.0,3,2000000.0,3000000.0,7360179.0,0.4092572349517138,3.287,0.20374387900576457,0.5891763529558806,0.5891763529558806,0.24324045407636738,0.24324045407636738,1.0,1.2012644889357218,292046.0,885607.0,48453.0,48453.0,48453.0,0.0,0.0,0.0,0.0,0.0
cold_frozen_i1m_h8_s7_state0_mac0,frozen,cold,final,8,7,i1m,0,0,25000000,25000000,25000000,16100.0,19470.0,4808.0,0.0,0.0,4731.0,16100.0,3272.0,0.0,0.0,19470.0,0.0,0.0,16100.0,1000000.0,65.0,0.0,2446499.0,1.0,16100.0,4,3000000.0,4000000.0,9806678.0,0.4087473569374032,3.272,0.20322981366459628,0.591079460269865,0.5912043978010995,0.24298921417565486,0.24298921417565486,0.9997886728655959,1.2093167701863354,294789.0,1180396.0,64553.0,64553.0,64553.0,0.0,0.0,0.0,0.0,0.0
cold_frozen_i1m_h8_s7_state0_mac0,frozen,cold,final,8,7,i1m,0,0,25000000,25000000,25000000,16178.0,19532.0,4821.0,0.0,0.0,4720.0,16178.0,3324.0,0.0,0.0,19532.0,0.0,0.0,16178.0,1000000.0,107.0,0.0,2451041.0,1.0,16178.0,5,4000000.0,5000000.0,12257719.0,0.40798991122547523,3.324,0.20546421065644702,0.5867727498756837,0.5867727498756837,0.24165472045873437,0.24165472045873437,0.9997881804702393,1.2073185807887254,291263.0,1471659.0,80731.0,80731.0,80731.0,0.0,0.0,0.0,0.0,0.0
cold_frozen_i1m_h8_s7_state0_mac0,frozen,cold,final,8,7,i1m,0,0,25000000,25000000,25000000,16126.0,19438.0,4849.0,0.0,0.0,4685.0,16126.0,3404.0,0.0,0.0,19438.0,0.0,0.0,16125.0,1000000.0,129.0,0.0,2471477.0,0.0,16126.0,6,5000000.0,6000000.0,14729196.0,0.40461634884726827,3.404,0.21110077519379844,0.5791816046482878,0.5791816046482878,0.24102273896491408,0.24102273896491408,1.0,1.2054573643410853,285481.0,1757140.0,96857.0,96857.0,96857.0,0.0,0.0,0.0,0.0,0.0
cold_frozen_i1m_h8_s7_state0_mac0,frozen,cold,final,8,7,i1m,0,0,25000000,25000000,25000000,16179.0,19442.0,4840.0,0.0,0.0,4703.0,16179.0,3387.0,0.0,0.0,19442.0,0.0,0.0,16180.0,1000000.0,151.0,0.0,2455836.0,0.0,16179.0,7,6000000.0,7000000.0,17185032.0,0.4071933142115353,3.387,0.20933250927070457,0.5813349814585909,0.5813349814585909,0.24189898158625656,0.24189898158625656,1.0,1.2016069221260817,273303.0,2030443.0,113036.0,113036.0,113036.0,0.0,0.0,0.0,0.0,0.0
cold_frozen_i1m_h8_s7_state0_mac0,frozen,cold,final,8,7,i1m,0,0,25000000,25000000,25000000,16131.0,19520.0,4847.0,0.0,0.0,4726.0,16131.0,3291.0,0.0,0.0,19520.0,0.0,0.0,16131.0,1000000.0,131.0,0.0,2442874.0,0.0,16131.0,8,7000000.0,8000000.0,19627906.0,0.40935390036489805,3.291,0.20401710991259067,0.5894973181988274,0.5894973181988274,0.2421106557377049,0.2421106557377049,1.0,1.2100923687310148,284824.0,2315267.0,129167.0,129167.0,129167.0,0.0,0.0,0.0,0.0,0.0
cold_frozen_i1m_h8_s7_state0_mac0,frozen,cold,final,8,7,i1m,0,0,25000000,25000000,25000000,16161.0,19438.0,4832.0,0.0,0.0,4704.0,16161.0,3385.0,0.0,0.0,19438.0,0.0,0.0,16161.0,1000000.0,140.0,0.0,2468754.0,0.0,16161.0,9,8000000.0,9000000.0,22096660.0,0.4050626348352246,3.385,0.2094548604665553,0.5815304734825071,0.5815304734825071,0.2420002057824879,0.2420002057824879,1.0,1.2027721056865293,278350.0,2593617.0,145328.0,145328.0,145328.0,0.0,0.0,0.0,0.0,0.0
cold_frozen_i1m_h8_s7_state0_mac0,frozen,cold,final,8,7,i1m,0,0,25000000,25000000,25000000,16148.0,19376.0,4799.0,0.0,0.0,4695.0,16148.0,3353.0,0.0,0.0,19376.0,0.0,0.0,16148.0,1000000.0,98.0,0.0,2449635.0,0.0,16148.0,10,9000000.0,10000000.0,24546295.0,0.40822408236329083,3.353,0.2076418132276443,0.5833747514910537,0.5833747514910537,0.24231007431874485,0.24231007431874485,1.0,1.19990091652217,279473.0,2873090.0,161476.0,161476.0,161476.0,0.0,0.0,0.0,0.0,0.0
cold_frozen_i1m_h8_s7_state0_mac0,frozen,cold,final,8,7,i1m,0,0,25000000,25000000,25000000,16137.0,19396.0,4798.0,0.0,0.0,4718.0,16137.0,3296.0,0.0,0.0,19396.0,0.0,0.0,16137.0,1000000.0,81.0,0.0,2447084.0,1.0,16137.0,11,10000000.0,11000000.0,26993379.0,0.408649641777724,3.296,0.20425109995662144,0.5887197404542052,0.5887197404542052,0.24324603010930088,0.24324603010930088,0.9997880906971816,1.2019582326330793,283469.0,3156559.0,177613.0,177613.0,177613.0,0.0,0.0,0.0,0.0,0.0
cold_frozen_i1m_h8_s7_state0_mac0,frozen,cold,final,8,7,i1m,0,0,25000000,25000000,25000000,16443.0,19176.0,4831.0,0.0,0.0,4600.0,16443.0,4041.0,0.0,0.0,19176.0,0.0,0.0,16443.0,1000000.0,154.0,0.0,2568013.0,12.0,16443.0,12,11000000.0,12000000.0,29561392.0,0.3894061283957675,4.041,0.24575807334428024,0.5323457933109593,0.5323457933109593,0.23988318731748018,0.23988318731748018,0.997398091934085,1.1662105455208904,261154.0,3417713.0,194056.0,194056.0,194056.0,0.0,0.0,0.0,0.0,0.0
cold_frozen_i1m_h8_s7_state0_mac0,frozen,cold,final,8,7,i1m,0,0,25000000,25000000,25000000,16477.0,18974.0,4830.0,0.0,0.0,4582.0,16477.0,4180.0,0.0,0.0,18974.0,0.0,0.0,16477.0,1000000.0,240.0,0.0,2609593.0,5.0,16477.0,13,12000000.0,13000000.0,32170985.0,0.3832015183976965,4.18,0.25368695757722887,0.5229996575733363,0.5228855153521288,0.24148835248234427,0.24148835248234427,0.9989099629387399,1.1515445772895552,272310.0,3690023.0,210533.0,210533.0,210533.0,0.0,0.0,0.0,0.0,0.0
cold_frozen_i1m_h8_s7_state0_mac0,frozen,cold,final,8,7,i1m,0,0,25000000,25000000,25000000,16478.0,19647.0,5322.0,0.0,0.0,4985.0,16478.0,4075.0,0.0,0.0,19647.0,0.0,0.0,16478.0,1000000.0,385.0,0.0,2601253.0,5.0,16478.0,14,13000000.0,14000000.0,34772238.0,0.38443011886963707,4.075,0.2472994295424202,0.5502814880229606,0.550171100562976,0.2537283045757622,0.2537283045757622,0.998997995991984,1.1923170287656268,307116.0,3997139.0,227011.0,227011.0,227011.0,0.0,0.0,0.0,0.0,0.0
cold_frozen_i1m_h8_s7_state0_mac0,frozen,cold,final,8,7,i1m,0,0,25000000,25000000,25000000,16096.0,19416.0,4862.0,0.0,0.0,4738.0,16096.0,3310.0,0.0,0.0,19416.0,0.0,0.0,16096.0,1000000.0,149.0,0.0,2449209.0,0.0,16096.0,15,14000000.0,15000000.0,37221447.0,0.408295086291125,3.31,0.20564115308151093,0.5887176938369781,0.5887176938369781,0.24402554594149156,0.24402554594149156,1.0,1.2062624254473162,286505.0,4283644.0,243107.0,243107.0,243107.0,0.0,0.0,0.0,0.0,0.0
cold_frozen_i1m_h8_s7_state0_mac0,frozen,cold,final,8,7,i1m,0,0,25000000,25000000,25000000,16111.0,19482.0,4839.0,0.0,0.0,4731.0,16111.0,3298.0,0.0,0.0,19482.0,0.0,0.0,16111.0,1000000.0,129.0,0.0,2449539.0,0.0,16111.0,16,15000000.0,16000000.0,39670986.0,0.4082400810928097,3.298,0.20470486003351748,0.5893124065769806,0.5891878425510713,0.2428395441946412,0.2428395441946412,1.0,1.2092359257650054,286436.0,4570080.0,259218.0,259218.0,259218.0,0.0,0.0,0.0,0.0,0.0
cold_frozen_i1m_h8_s7_state0_mac0,frozen,cold,final,8,7,i1m,0,0,25000000,25000000,25000000,16140.0,19372.0,4800.0,0.0,0.0,4707.0,16140.0,3331.0,0.0,0.0,19372.0,0.0,0.0,16140.0,1000000.0,84.0,0.0,2452646.0,0.0,16140.0,17,16000000.0,17000000.0,42123632.0,0.40772292454761105,3.331,0.2063816604708798,0.5855934312017915,0.5855934312017915,0.24297955812512906,0.24297955812512906,1.0,1.2002478314745972,290119.0,4860199.0,275358.0,275358.0,275358.0,0.0,0.0,0.0,0.0,0.0
cold_frozen_i1m_h8_s7_state0_mac0,frozen,cold,final,8,7,i1m,0,0,25000000,25000000,25000000,16122.0,19330.0,4779.0,0.0,0.0,4704.0,16122.0,3342.0,0.0,0.0,19330.0,0.0,0.0,16122.0,1000000.0,83.0,0.0,2456840.0,0.0,16122.0,18,17000000.0,18000000.0,44580472.0,0.4070269126194624,3.342,0.20729438034983252,0.5846383296047726,0.5846383296047726,0.24335230212105535,0.24335230212105535,1.0,1.198982756481826,277815.0,5138014.0,291480.0,291480.0,291480.0,0.0,0.0,0.0,0.0,0.0
cold_frozen_i1m_h8_s7_state0_mac0,frozen,cold,final,8,7,i1m,0,0,25000000,25000000,25000000,16101.0,19440.0,4808.0,0.0,0.0,4732.0,16101.0,3267.0,0.0,0.0,19440.0,0.0,0.0,16101.0,1000000.0,83.0,0.0,2446176.0,0.0,16101.0,19,18000000.0,19000000.0,47026648.0,0.40880132909488115,3.267,0.2029066517607602,0.591573946743343,0.591573946743343,0.2434156378600823,0.2434156378600823,1.0,1.2073784237003913,293667.0,5431681.0,307581.0,307581.0,307581.0,0.0,0.0,0.0,0.0,0.0
cold_frozen_i1m_h8_s7_state0_mac0,frozen,cold,final,8,7,i1m,0,0,25000000,25000000,25000000,16119.0,19472.0,4816.0,0.0,0.0,4712.0,16119.0,3309.0,0.0,0.0,19472.0,0.0,0.0,16119.0,1000000.0,87.0,0.0,2444857.0,0.0,16119.0,20,19000000.0,20000000.0,49471505.0,0.409021877353154,3.309,0.205285687697748,0.5874579229522503,0.5874579229522503,0.24198849630238292,0.24198849630238292,1.0,1.2080153855698244,286886.0,5718567.0,323700.0,323700.0,323700.0,0.0,0.0,0.0,0.0,0.0
cold_frozen_i1m_h8_s7_state0_mac0,frozen,cold,final,8,7,i1m,0,0,25000000,25000000,25000000,16118.0,19432.0,4834.0,0.0,0.0,4737.0,16118.0,3289.0,0.0,0.0,19432.0,0.0,0.0,16118.0,1000000.0,101.0,0.0,2439661.0,0.0,16118.0,21,20000000.0,21000000.0,51911166.0,0.4098930138244617,3.289,0.204057575381561,0.5902068278096188,0.5902068278096188,0.24377315767805682,0.24377315767805682,1.0,1.2056086363072342,291631.0,6010198.0,339818.0,339818.0,339818.0,0.0,0.0,0.0,0.0,0.0
cold_frozen_i1m_h8_s7_state0_mac0,frozen,cold,final,8,7,i1m,0,0,25000000,25000000,25000000,16084.0,19356.0,4811.0,0.0,0.0,4718.0,16084.0,3320.0,0.0,0.0,19356.0,0.0,0.0,16084.0,1000000.0,93.0,0.0,2460037.0,0.0,16084.0,22,21000000.0,22000000.0,54371203.0,0.40649795104707775,3.32,0.20641631434966426,0.5869619308285643,0.5869619308285643,0.24374870841082869,0.24374870841082869,1.0,1.2034319820940065,284307.0,6294505.0,355902.0,355902.0,355902.0,0.0,0.0,0.0,0.0,0.0
cold_frozen_i1m_h8_s7_state0_mac0,frozen,cold,final,8,7,i1m,0,0,25000000,25000000,25000000,16132.0,19564.0,4859.0,0.0,0.0,4736.0,16132.0,3309.0,0.0,0.0,19564.0,0.0,0.0,16132.0,1000000.0,111.0,0.0,2447958.0,0.0,16132.0,23,22000000.0,23000000.0,56819161.0,0.4085037406687533,3.309,0.20512025787255145,0.5886886264760721,0.5886886264760721,0.24207728480883256,0.24207728480883256,1.0,1.2127448549466897,278560.0,6573065.0,372034.0,372034.0,372034.0,0.0,0.0,0.0,0.0,0.0
cold_frozen_i1m_h8_s7_state0_mac0,frozen,cold,final,8,7,i1m,0,0,25000000,25000000,25000000,16130.0,19616.0,4848.0,0.0,0.0,4715.0,16130.0,3312.0,0.0,0.0,19616.0,0.0,0.0,16130.0,1000000.0,130.0,0.0,2436990.0,0.0,16130.0,24,23000000.0,24000000.0,59256151.0,0.4103422664844747,3.312,0.20533168009919406,0.5873925501432665,0.5873925501432665,0.24036500815660686,0.24036500815660686,1.0,1.2161190328580285,274794.0,6847859.0,388164.0,388164.0,388164.0,0.0,0.0,0.0,0.0,0.0
cold_frozen_i1m_h8_s7_state0_mac0,frozen,cold,final,8,7,i1m,0,0,25000000,25000000,25000000,16107.0,19414.0,4813.0,0.0,0.0,4753.0,16107.0,3227.0,0.0,0.0,19414.0,0.0,0.0,16107.0,1000000.0,91.0,0.0,2310249.0,0.0,16107.0,25,24000000.0,25000000.0,61566400.0,0.43285377463641367,3.227,0.20034767492394612,0.5956140350877193,0.5956140350877193,0.2448233233748841,0.2448233233748841,1.0,1.2053144595517478,83466.0,6931325.0,404271.0,404271.0,404271.0,0.0,0.0,0.0,0.0,0.0
cold_frozen_i20m_h16_s7_state0_mac0,frozen,cold,final,16,7,i20m,0,0,25000000,25000000,25000000,16196.0,15078.0,4964.0,0.0,0.0,4864.0,16196.0,3731.0,0.0,0.0,15078.0,0.0,0.0,16195.0,1000000.0,44.0,0.0,2484333.0,0.0,16196.0,1,0.0,1000000.0,2484333.0,0.4025225281795959,3.731,0.23037974683544304,0.5659104130308319,0.5659104130308319,0.32258920281204406,0.32258920281204406,1.0,0.9310280950910775,298724.0,298724.0,16196.0,16196.0,16196.0,0.0,0.0,0.0,0.0,0.0
cold_frozen_i20m_h16_s7_state0_mac0,frozen,cold,final,16,7,i20m,0,0,25000000,25000000,25000000,16124.0,15319.0,4847.0,0.0,0.0,4740.0,16124.0,3276.0,0.0,0.0,15319.0,0.0,0.0,16125.0,1000000.0,79.0,0.0,2443255.0,0.0,16124.0,2,1000000.0,2000000.0,4927588.0,0.4092900659161651,3.276,0.20316279069767443,0.5913173652694611,0.5913173652694611,0.3094196749135061,0.3094196749135061,1.0,0.950015503875969,283977.0,582701.0,32320.0,32320.0,32320.0,0.0,0.0,0.0,0.0,0.0
cold_frozen_i20m_h16_s7_state0_mac0,frozen,cold,final,16,7,i20m,0,0,25000000,25000000,25000000,16133.0,15498.0,4838.0,0.0,0.0,4728.0,16133.0,3273.0,0.0,0.0,15498.0,0.0,0.0,16133.0,1000000.0,127.0,0.0,2441322.0,0.0,16133.0,3,2000000.0,3000000.0,7368910.0,0.409614135292272,3.273,0.2028760924812496,0.5909261342332208,0.5909261342332208,0.3050716221447929,0.3050716221447929,1.0,0.960639682638071,294175.0,876876.0,48453.0,48453.0,48453.0,0.0,0.0,0.0,0.0,0.0
cold_frozen_i20m_h16_s7_state0_mac0,frozen,cold,final,16,7,i20m,0,0,25000000,25000000,25000000,16100.0,15404.0,4833.0,0.0,0.0,4735.0,16100.0,3268.0,0.0,0.0,15404.0,0.0,0.0,16100.0,1000000.0,86.0,0.0,2445532.0,0.0,16100.0,4,3000000.0,4000000.0,9814442.0,0.40890898176756635,3.268,0.20298136645962733,0.5915792103948025,0.591704147926037,0.30738769150869905,0.30738769150869905,1.0,0.9567701863354037,295756.0,1172632.0,64553.0,64553.0,64553.0,0.0,0.0,0.0,0.0,0.0
cold_frozen_i20m_h16_s7_state0_mac0,frozen,cold,final,16,7,i20m,0,0,25000000,25000000,25000000,16178.0,15454.0,4863.0,0.0,0.0,4728.0,16178.0,3316.0,0.0,0.0,15454.0,0.0,0.0,16178.0,1000000.0,137.0,0.0,2449636.0,0.0,16178.0,5,4000000.0,5000000.0,12264078.0,0.40822391571645744,3.316,0.2049697119545061,0.5877672799602188,0.5877672799602188,0.3059402096544584,0.3059402096544584,1.0,0.9552478674743479,292668.0,1465300.0,80731.0,80731.0,80731.0,0.0,0.0,0.0,0.0,0.0
cold_frozen_i20m_h16_s7_state0_mac0,frozen,cold,final,16,7,i20m,0,0,25000000,25000000,25000000,16126.0,15466.0,4907.0,0.0,0.0,4695.0,16126.0,3394.0,0.0,0.0,15466.0,0.0,0.0,16125.0,1000000.0,175.0,0.0,2469669.0,0.0,16126.0,6,5000000.0,6000000.0,14733747.0,0.40491256115698093,3.394,0.21048062015503877,0.5804178514031401,0.5804178514031401,0.30356911935859304,0.30356911935859304,1.0,0.9591317829457364,287289.0,1752589.0,96857.0,96857.0,96857.0,0.0,0.0,0.0,0.0,0.0
cold_frozen_i20m_h16_s7_state0_mac0,frozen,cold,final,16,7,i20m,0,0,25000000,25000000,25000000,16179.0,15454.0,4907.0,0.0,0.0,4733.0,16179.0,3357.0,0.0,0.0,15454.0,0.0,0.0,16180.0,1000000.0,193.0,0.0,2451825.0,0.0,16179.0,7,6000000.0,7000000.0,17185572.0,0.4078594516329673,3.357,0.20747836835599506,0.5850432632880099,0.5850432632880099,0.30626375048531124,0.30626375048531124,1.0,0.9551297898640296,277314.0,2029903.0,113036.0,113036.0,113036.0,0.0,0.0,0.0,0.0,0.0
cold_frozen_i20m_h16_s7_state0_mac0,frozen,cold,final,16,7,i20m,0,0,25000000,25000000,25000000,16131.0,15371.0,4856.0,0.0,0.0,4726.0,16131.0,3291.0,0.0,0.0,15371.0,0.0,0.0,16131.0,1000000.0,152.0,0.0,2442954.0,0.0,16131.0,8,7000000.0,8000000.0,19628526.0,0.40934049515463655,3.291,0.20401710991259067,0.5894973181988274,0.5894973181988274,0.30746210396200635,0.30746210396200635,1.0,0.9528857479387515,284744.0,2314647.0,129167.0,129167.0,129167.0,0.0,0.0,0.0,0.0,0.0
cold_frozen_i20m_h16_s7_state0_mac0,frozen,cold,final,16,7,i20m,0,0,25000000,25000000,25000000,16161.0,15406.0,4918.0,0.0,0.0,4743.0,16161.0,3346.0,0.0,0.0,15406.0,0.0,0.0,16161.0,1000000.0,158.0,0.0,2463261.0,1.0,16161.0,9,8000000.0,9000000.0,22091787.0,0.4059659126661771,3.346,0.20704164346265702,0.5863518358264309,0.5863518358264309,0.30786706477995585,0.30786706477995585,0.9997892074198989,0.9532825938988924,283843.0,2598490.0,145328.0,145328.0,145328.0,0.0,0.0,0.0,0.0,0.0
cold_frozen_i20m_h16_s7_state0_mac0,frozen,cold,final,16,7,i20m,0,0,25000000,25000000,25000000,16148.0,15475.0,4884.0,0.0,0.0,4720.0,16148.0,3328.0,0.0,0.0,15475.0,0.0,0.0,16148.0,1000000.0,159.0,0.0,2445950.0,0.0,16148.0,10,9000000.0,10000000.0,24537737.0,0.4088391013716552,3.328,0.20609363388654942,0.5864811133200796,0.5864811133200796,0.3050080775444265,0.3050080775444265,1.0,0.9583230121377261,283158.0,2881648.0,161476.0,161476.0,161476.0,0.0,0.0,0.0,0.0,0.0
cold_frozen_i20m_h16_s7_state0_mac0,frozen,cold,final,16,7,i20m,0,0,25000000,25000000,25000000,16137.0,15437.0,4860.0,0.0,0.0,4740.0,16137.0,3274.0,0.0,0.0,15437.0,0.0,0.0,16137.0,1000000.0,131.0,0.0,2442445.0,0.0,16137.0,11,10000000.0,11000000.0,26980182.0,0.40942580078568813,3.274,0.20288777343992068,0.5914649363613677,0.5914649363613677,0.3070544794973116,0.3070544794973116,1.0,0.9566214290140671,288108.0,3169756.0,177613.0,177613.0,177613.0,0.0,0.0,0.0,0.0,0.0
cold_frozen_i20m_h16_s7_state0_mac0,frozen,cold,final,16,7,i20m,0,0,25000000,25000000,25000000,16443.0,16640.0,5446.0,0.0,0.0,4897.0,16443.0,3744.0,0.0,0.0,16640.0,0.0,0.0,16443.0,1000000.0,288.0,0.0,2528898.0,51.0,16443.0,12,11000000.0,12000000.0,29509080.0,0.3954291553079642,3.744,0.22769567597153803,0.5667168151834279,0.5667168151834279,0.2942908653846154,0.2942908653846154,0.9896928051738076,1.0119807820957247,300269.0,3470025.0,194056.0,194056.0,194056.0,0.0,0.0,0.0,0.0,0.0
cold_frozen_i20m_h16_s7_state0_mac0,frozen,cold,final,16,7,i20m,0,0,25000000,25000000,25000000,16477.0,16312.0,5437.0,0.0,0.0,4809.0,16477.0,3953.0,0.0,0.0,16312.0,0.0,0.0,16477.0,1000000.0,667.0,0.0,2574094.0,46.0,16477.0,13,12000000.0,13000000.0,32083174.0,0.38848620135861395,3.953,0.23991017782363294,0.5489099417874672,0.5487957995662596,0.2948136341343796,0.2948136341343796,0.9905252317198764,0.9899860411482673,307809.0,3777834.0,210533.0,210533.0,210533.0,0.0,0.0,0.0,0.0,0.0
cold_frozen_i20m_h16_s7_state0_mac0,frozen,cold,final,16,7,i20m,0,0,25000000,25000000,25000000,16478.0,18094.0,5452.0,0.0,0.0,5019.0,16478.0,4041.0,0.0,0.0,18094.0,0.0,0.0,16478.0,1000000.0,623.0,0.0,2594506.0,10.0,16478.0,14,13000000.0,14000000.0,34677680.0,0.3854298274893178,4.041,0.24523607233887607,0.5540346616624352,0.5539242742024506,0.27738476843152426,0.27738476843152426,0.9980115331079737,1.0980701541449205,313863.0,4091697.0,227011.0,227011.0,227011.0,0.0,0.0,0.0,0.0,0.0
cold_frozen_i20m_h16_s7_state0_mac0,frozen,cold,final,16,7,i20m,0,0,25000000,25000000,25000000,16096.0,19234.0,4890.0,0.0,0.0,4741.0,16096.0,3307.0,0.0,0.0,19234.0,0.0,0.0,16096.0,1000000.0,179.0,0.0,2448703.0,0.0,16096.0,15,14000000.0,15000000.0,37126383.0,0.4083794563897704,3.307,0.20545477137176937,0.5890904572564613,0.5890904572564613,0.2464905895809504,0.2464905895809504,1.0,1.194955268389662,287011.0,4378708.0,243107.0,243107.0,243107.0,0.0,0.0,0.0,0.0,0.0
cold_frozen_i20m_h16_s7_state0_mac0,frozen,cold,final,16,7,i20m,0,0,25000000,25000000,25000000,16111.0,19261.0,4872.0,0.0,0.0,4735.0,16111.0,3294.0,0.0,0.0,19261.0,0.0,0.0,16111.0,1000000.0,151.0,0.0,2448562.0,0.0,16111.0,16,15000000.0,16000000.0,39574945.0,0.40840297284691995,3.294,0.20445658245918938,0.5898106626806179,0.5896860986547086,0.2458335496599346,0.2458335496599346,1.0,1.1955185897833778,287413.0,4666121.0,259218.0,259218.0,259218.0,0.0,0.0,0.0,0.0,0.0
cold_frozen_i20m_h16_s7_state0_mac0,frozen,cold,final,16,7,i20m,0,0,25000000,25000000,25000000,16140.0,19250.0,4877.0,0.0,0.0,4724.0,16140.0,3314.0,0.0,0.0,19250.0,0.0,0.0,16140.0,1000000.0,140.0,0.0,2449454.0,0.0,16140.0,17,16000000.0,17000000.0,42024399.0,0.40825424768132,3.314,0.20532837670384138,0.5877083851704404,0.5877083851704404,0.2454025974025974,0.2454025974025974,1.0,1.1926889714993805,293311.0,4959432.0,275358.0,275358.0,275358.0,0.0,0.0,0.0,0.0,0.0
cold_frozen_i20m_h16_s7_state0_mac0,frozen,cold,final,16,7,i20m,0,0,25000000,25000000,25000000,16122.0,19281.0,4881.0,0.0,0.0,4735.0,16122.0,3311.0,0.0,0.0,19281.0,0.0,0.0,16122.0,1000000.0,144.0,0.0,2451343.0,0.0,16122.0,18,17000000.0,18000000.0,44475742.0,0.4079396477767493,3.311,0.20537154199230864,0.5884911757394979,0.5884911757394979,0.24557854883045485,0.24557854883045485,1.0,1.1959434313360626,283312.0,5242744.0,291480.0,291480.0,291480.0,0.0,0.0,0.0,0.0,0.0
cold_frozen_i20m_h16_s7_state0_mac0,frozen,cold,final,16,7,i20m,0,0,25000000,25000000,25000000,16101.0,19292.0,4850.0,0.0,0.0,4743.0,16101.0,3256.0,0.0,0.0,19292.0,0.0,0.0,16101.0,1000000.0,131.0,0.0,2444358.0,0.0,16101.0,19,18000000.0,19000000.0,46920100.0,0.4091053765446796,3.256,0.20222346438109434,0.59294911863983,0.59294911863983,0.2458532034003732,0.2458532034003732,1.0,1.1981864480467053,295485.0,5538229.0,307581.0,307581.0,307581.0,0.0,0.0,0.0,0.0,0.0
cold_frozen_i20m_h16_s7_state0_mac0,frozen,cold,final,16,7,i20m,0,0,25000000,25000000,25000000,16119.0,19338.0,4864.0,0.0,0.0,4726.0,16119.0,3295.0,0.0,0.0,19338.0,0.0,0.0,16119.0,1000000.0,113.0,0.0,2442700.0,0.0,16119.0,20,19000000.0,20000000.0,49362800.0,0.4093830597289884,3.295,0.20441714746572368,0.5892033412292732,0.5892033412292732,0.24438928534491675,0.24438928534491675,1.0,1.1997022147775918,289043.0,5827272.0,323700.0,323700.0,323700.0,0.0,0.0,0.0,0.0,0.0
cold_frozen_i20m_h16_s7_state0_mac0,frozen,cold,final,16,7,i20m,0,0,25000000,25000000,25000000,16118.0,19210.0,4869.0,0.0,0.0,4740.0,16118.0,3286.0,0.0,0.0,19210.0,0.0,0.0,16118.0,1000000.0,142.0,0.0,2438873.0,0.0,16118.0,21,20000000.0,21000000.0,51801673.0,0.41002545027969883,3.286,0.20387144807048022,0.5905806130077249,0.5905806130077249,0.2467464862051015,0.2467464862051015,1.0,1.1918352152872564,292419.0,6119691.0,339818.0,339818.0,339818.0,0.0,0.0,0.0,0.0,0.0
cold_frozen_i20m_h16_s7_state0_mac0,frozen,cold,final,16,7,i20m,0,0,25000000,25000000,25000000,16084.0,19251.0,4874.0,0.0,0.0,4736.0,16084.0,3302.0,0.0,0.0,19251.0,0.0,0.0,16084.0,1000000.0,135.0,0.0,2456280.0,0.0,16084.0,22,21000000.0,22000000.0,54257953.0,0.4071197094793753,3.302,0.2052971897537926,0.5892012938541926,0.5892012938541926,0.24601319411978598,0.24601319411978598,1.0,1.196903755284755,288064.0,6407755.0,355902.0,355902.0,355902.0,0.0,0.0,0.0,0.0,0.0
cold_frozen_i20m_h16_s7_state0_mac0,frozen,cold,final,16,7,i20m,0,0,25000000,25000000,25000000,16132.0,19413.0,4896.0,0.0,0.0,4743.0,16132.0,3302.0,0.0,0.0,19413.0,0.0,0.0,16132.0,1000000.0,141.0,0.0,2446572.0,0.0,16132.0,23,22000000.0,23000000.0,56704525.0,0.4087351608699846,3.302,0.20468633771386066,0.5895587321317589,0.5895587321317589,0.24432081594807603,0.24432081594807603,1.0,1.2033845772377882,279946.0,6687701.0,372034.0,372034.0,372034.0,0.0,0.0,0.0,0.0,0.0
cold_frozen_i20m_h16_s7_state0_mac0,frozen,cold,final,16,7,i20m,0,0,25000000,25000000,25000000,16130.0,19398.0,4872.0,0.0,0.0,4722.0,16130.0,3305.0,0.0,0.0,19398.0,0.0,0.0,16130.0,1000000.0,162.0,0.0,2436009.0,0.0,16130.0,24,23000000.0,24000000.0,59140534.0,0.4105075145453075,3.305,0.20489770613763175,0.5882646069515386,0.5882646069515386,0.24342715743891122,0.24342715743891122,1.0,1.2026038437693738,275775.0,6963476.0,388164.0,388164.0,388164.0,0.0,0.0,0.0,0.0,0.0
cold_frozen_i20m_h16_s7_state0_mac0,frozen,cold,final,16,7,i20m,0,0,25000000,25000000,25000000,16107.0,19150.0,4835.0,0.0,0.0,4760.0,16107.0,3220.0,0.0,0.0,19150.0,0.0,0.0,16107.0,1000000.0,99.0,0.0,2311946.0,0.0,16107.0,25,24000000.0,25000000.0,61452480.0,0.4325360540427847,3.22,0.19991308126901347,0.5964912280701754,0.5964912280701754,0.2485639686684073,0.2485639686684073,1.0,1.1889240702800026,81769.0,7045245.0,404271.0,404271.0,404271.0,0.0,0.0,0.0,0.0,0.0
cold_frozen_i20m_h8_s7_state0_mac0,frozen,cold,final,8,7,i20m,0,0,25000000,25000000,25000000,16196.0,17712.0,4983.0,0.0,0.0,4907.0,16196.0,3688.0,0.0,0.0,17712.0,0.0,0.0,16195.0,1000000.0,27.0,0.0,2477627.0,4.0,16196.0,1,0.0,1000000.0,2477627.0,0.40361200455112894,3.688,0.22772460635998765,0.570913321698662,0.570913321698662,0.27704381210478773,0.27704381210478773,0.9991855019344329,1.0936708860759494,305430.0,305430.0,16196.0,16196.0,16196.0,0.0,0.0,0.0,0.0,0.0
cold_frozen_i20m_h8_s7_state0_mac0,frozen,cold,final,8,7,i20m,0,0,25000000,25000000,25000000,16124.0,17787.0,4673.0,0.0,0.0,4584.0,16124.0,3432.0,0.0,0.0,17787.0,0.0,0.0,16125.0,1000000.0,67.0,0.0,2452652.0,1.0,16124.0,2,1000000.0,2000000.0,4930279.0,0.4077219271221519,3.432,0.21283720930232558,0.5718562874251497,0.5718562874251497,0.2577163096643616,0.2577163096643616,0.9997818974918211,1.1030697674418604,274580.0,580010.0,32320.0,32320.0,32320.0,0.0,0.0,0.0,0.0,0.0
cold_frozen_i20m_h8_s7_state0_mac0,frozen,cold,final,8,7,i20m,0,0,25000000,25000000,25000000,16133.0,17788.0,4720.0,0.0,0.0,4629.0,16133.0,3372.0,0.0,0.0,17788.0,0.0,0.0,16133.0,1000000.0,103.0,0.0,2449109.0,0.0,16133.0,3,2000000.0,3000000.0,7379388.0,0.40831175745954956,3.372,0.20901258290460548,0.5785526809148857,0.5785526809148857,0.2602316168203283,0.2602316168203283,1.0,1.1025847641480195,286388.0,866398.0,48453.0,48453.0,48453.0,0.0,0.0,0.0,0.0,0.0
cold_frozen_i20m_h8_s7_state0_mac0,frozen,cold,final,8,7,i20m,0,0,25000000,25000000,25000000,16100.0,17728.0,4660.0,0.0,0.0,4586.0,16100.0,3417.0,0.0,0.0,17728.0,0.0,0.0,16100.0,1000000.0,65.0,0.0,2456393.0,0.0,16100.0,4,3000000.0,4000000.0,9835781.0,0.4071009809912339,3.417,0.21223602484472048,0.5729635182408795,0.573088455772114,0.25868682310469315,0.25868682310469315,1.0,1.1011180124223603,284895.0,1151293.0,64553.0,64553.0,64553.0,0.0,0.0,0.0,0.0,0.0
cold_frozen_i20m_h8_s7_state0_mac0,frozen,cold,final,8,7,i20m,0,0,25000000,25000000,25000000,16178.0,17914.0,4708.0,0.0,0.0,4589.0,16178.0,3455.0,0.0,0.0,17914.0,0.0,0.0,16178.0,1000000.0,127.0,0.0,2459685.0,0.0,16178.0,5,4000000.0,5000000.0,12295466.0,0.4065561240565357,3.455,0.21356162690072938,0.5704873197414222,0.5704873197414222,0.25616835994194487,0.25616835994194487,1.0,1.1073062183211768,282619.0,1433912.0,80731.0,80731.0,80731.0,0.0,0.0,0.0,0.0,0.0
cold_frozen_i20m_h8_s7_state0_mac0,frozen,cold,final,8,7,i20m,0,0,25000000,25000000,25000000,16126.0,17935.0,4861.0,0.0,0.0,4657.0,16126.0,3432.0,0.0,0.0,17935.0,0.0,0.0,16125.0,1000000.0,158.0,0.0,2472208.0,0.0,16126.0,6,5000000.0,6000000.0,14767674.0,0.40449670901477547,3.432,0.21283720930232558,0.5757201137347014,0.5757201137347014,0.2596598829105102,0.2596598829105102,1.0,1.112248062015504,284750.0,1718662.0,96857.0,96857.0,96857.0,0.0,0.0,0.0,0.0,0.0
cold_frozen_i20m_h8_s7_state0_mac0,frozen,cold,final,8,7,i20m,0,0,25000000,25000000,25000000,16179.0,17877.0,4768.0,0.0,0.0,4611.0,16179.0,3479.0,0.0,0.0,17877.0,0.0,0.0,16180.0,1000000.0,175.0,0.0,2460625.0,0.0,16179.0,7,6000000.0,7000000.0,17228299.0,0.4064008128016256,3.479,0.21501854140914708,0.5699629171817058,0.5699629171817058,0.25792918274878335,0.25792918274878335,1.0,1.1048825710754018,268514.0,1987176.0,113036.0,113036.0,113036.0,0.0,0.0,0.0,0.0,0.0
cold_frozen_i20m_h8_s7_state0_mac0,frozen,cold,final,8,7,i20m,0,0,25000000,25000000,25000000,16131.0,17874.0,4797.0,0.0,0.0,4678.0,16131.0,3339.0,0.0,0.0,17874.0,0.0,0.0,16131.0,1000000.0,142.0,0.0,2447067.0,0.0,16131.0,8,7000000.0,8000000.0,19675366.0,0.4086524807044515,3.339,0.20699274688488004,0.5835100411625296,0.5835100411625296,0.2617209354369475,0.2617209354369475,1.0,1.108052817556258,280631.0,2267807.0,129167.0,129167.0,129167.0,0.0,0.0,0.0,0.0,0.0
cold_frozen_i20m_h8_s7_state0_mac0,frozen,cold,final,8,7,i20m,0,0,25000000,25000000,25000000,16161.0,18005.0,4882.0,0.0,0.0,4722.0,16161.0,3367.0,0.0,0.0,18005.0,0.0,0.0,16161.0,1000000.0,140.0,0.0,2464985.0,1.0,16161.0,9,8000000.0,9000000.0,22140351.0,0.40568198183761767,3.367,0.2083410680032176,0.5837557176412412,0.5837557176412412,0.2622604831991114,0.2622604831991114,0.9997882701672666,1.1141018501330364,282119.0,2549926.0,145328.0,145328.0,145328.0,0.0,0.0,0.0,0.0,0.0
cold_frozen_i20m_h8_s7_state0_mac0,frozen,cold,final,8,7,i20m,0,0,25000000,25000000,25000000,16148.0,18032.0,4896.0,0.0,0.0,4723.0,16148.0,3325.0,0.0,0.0,18032.0,0.0,0.0,16148.0,1000000.0,158.0,0.0,2445435.0,0.0,16148.0,10,9000000.0,10000000.0,24585786.0,0.40892520144677735,3.325,0.20590785236561804,0.5868538767395626,0.5868538767395626,0.26192324755989355,0.26192324755989355,1.0,1.1166707951449095,283673.0,2833599.0,161476.0,161476.0,161476.0,0.0,0.0,0.0,0.0,0.0
cold_frozen_i20m_h8_s7_state0_mac0,frozen,cold,final,8,7,i20m,0,0,25000000,25000000,25000000,16137.0,17919.0,4856.0,0.0,0.0,4737.0,16137.0,3277.0,0.0,0.0,17919.0,0.0,0.0,16137.0,1000000.0,134.0,0.0,2442262.0,0.0,16137.0,11,10000000.0,11000000.0,27028048.0,0.4094564792802738,3.277,0.20307368160128897,0.5910905914649364,0.5910905914649364,0.26435626988113176,0.26435626988113176,1.0,1.1104294478527608,288291.0,3121890.0,177613.0,177613.0,177613.0,0.0,0.0,0.0,0.0,0.0
cold_frozen_i20m_h8_s7_state0_mac0,frozen,cold,final,8,7,i20m,0,0,25000000,25000000,25000000,16443.0,18667.0,5297.0,0.0,0.0,4811.0,16443.0,3830.0,0.0,0.0,18667.0,0.0,0.0,16443.0,1000000.0,283.0,0.0,2537946.0,43.0,16443.0,12,11000000.0,12000000.0,29565994.0,0.39401941570072807,3.83,0.23292586510977314,0.5567642633954404,0.5567642633954404,0.2577275405796325,0.2577275405796325,0.9911413267408323,1.1352551237608708,291221.0,3413111.0,194056.0,194056.0,194056.0,0.0,0.0,0.0,0.0,0.0
cold_frozen_i20m_h8_s7_state0_mac0,frozen,cold,final,8,7,i20m,0,0,25000000,25000000,25000000,16477.0,18724.0,5341.0,0.0,0.0,4752.0,16477.0,4010.0,0.0,0.0,18724.0,0.0,0.0,16477.0,1000000.0,574.0,0.0,2579098.0,37.0,16477.0,13,12000000.0,13000000.0,32145092.0,0.3877324553002639,4.01,0.2433695454269588,0.5424038351786326,0.5422896929574249,0.25379192480239265,0.25379192480239265,0.992273961160994,1.1363719123626874,302805.0,3715916.0,210533.0,210533.0,210533.0,0.0,0.0,0.0,0.0,0.0
cold_frozen_i20m_h8_s7_state0_mac0,frozen,cold,final,8,7,i20m,0,0,25000000,25000000,25000000,16478.0,18882.0,5458.0,0.0,0.0,4978.0,16478.0,4083.0,0.0,0.0,18882.0,0.0,0.0,16478.0,1000000.0,657.0,0.0,2597860.0,8.0,16478.0,14,13000000.0,14000000.0,34742952.0,0.38493221343721373,4.083,0.2477849253550188,0.5495087758030688,0.5492880008830997,0.2636373265543904,0.2636373265543904,0.9983955074207782,1.1458914916858842,310509.0,4026425.0,227011.0,227011.0,227011.0,0.0,0.0,0.0,0.0,0.0
cold_frozen_i20m_h8_s7_state0_mac0,frozen,cold,final,8,7,i20m,0,0,25000000,25000000,25000000,16096.0,18590.0,4915.0,0.0,0.0,4752.0,16096.0,3296.0,0.0,0.0,18590.0,0.0,0.0,16096.0,1000000.0,197.0,0.0,2446834.0,0.0,16096.0,15,14000000.0,15000000.0,37189786.0,0.408691394675732,3.296,0.2047713717693837,0.5904572564612326,0.5904572564612326,0.2556213017751479,0.2556213017751479,1.0,1.1549453280318092,288880.0,4315305.0,243107.0,243107.0,243107.0,0.0,0.0,0.0,0.0,0.0
cold_frozen_i20m_h8_s7_state0_mac0,frozen,cold,final,8,7,i20m,0,0,25000000,25000000,25000000,16111.0,18706.0,4865.0,0.0,0.0,4720.0,16111.0,3309.0,0.0,0.0,18706.0,0.0,0.0,16111.0,1000000.0,162.0,0.0,2449295.0,0.0,16111.0,16,15000000.0,16000000.0,39639081.0,0.4082807501750504,3.309,0.20538762336291974,0.587942202291978,0.5878176382660688,0.252325457072597,0.252325457072597,1.0,1.161070076345354,286680.0,4601985.0,259218.0,259218.0,259218.0,0.0,0.0,0.0,0.0,0.0
cold_frozen_i20m_h8_s7_state0_mac0,frozen,cold,final,8,7,i20m,0,0,25000000,25000000,25000000,16140.0,18568.0,4803.0,0.0,0.0,4659.0,16140.0,3379.0,0.0,0.0,18568.0,0.0,0.0,16140.0,1000000.0,136.0,0.0,2454056.0,0.0,16140.0,17,16000000.0,17000000.0,42093137.0,0.40748866366537684,3.379,0.20935563816604708,0.5796217964667828,0.5796217964667828,0.25091555364067214,0.25091555364067214,1.0,1.1504337050805453,288709.0,4890694.0,275358.0,275358.0,275358.0,0.0,0.0,0.0,0.0,0.0
cold_frozen_i20m_h8_s7_state0_mac0,frozen,cold,final,8,7,i20m,0,0,25000000,25000000,25000000,16122.0,18653.0,4866.0,0.0,0.0,4721.0,16122.0,3325.0,0.0,0.0,18653.0,0.0,0.0,16122.0,1000000.0,137.0,0.0,2451992.0,1.0,16122.0,18,17000000.0,18000000.0,44545129.0,0.4078316731865357,3.325,0.20623992060538396,0.5867511807109123,0.5867511807109123,0.2530960167265319,0.2530960167265319,0.9997882253282507,1.1569904478352562,282663.0,5173357.0,291480.0,291480.0,291480.0,0.0,0.0,0.0,0.0,0.0
cold_frozen_i20m_h8_s7_state0_mac0,frozen,cold,final,8,7,i20m,0,0,25000000,25000000,25000000,16101.0,18635.0,4826.0,0.0,0.0,4721.0,16101.0,3278.0,0.0,0.0,18635.0,0.0,0.0,16101.0,1000000.0,138.0,0.0,2445947.0,0.0,16101.0,19,18000000.0,19000000.0,46991076.0,0.40883960282050263,3.278,0.20358983914042605,0.5901987748468559,0.5901987748468559,0.25334048832841427,0.25334048832841427,1.0,1.1573815290975715,293896.0,5467253.0,307581.0,307581.0,307581.0,0.0,0.0,0.0,0.0,0.0
cold_frozen_i20m_h8_s7_state0_mac0,frozen,cold,final,8,7,i20m,0,0,25000000,25000000,25000000,16119.0,18596.0,4821.0,0.0,0.0,4684.0,16119.0,3337.0,0.0,0.0,18596.0,0.0,0.0,16119.0,1000000.0,106.0,0.0,2446106.0,1.0,16119.0,20,19000000.0,20000000.0,49437182.0,0.4088130277265172,3.337,0.20702276816179663,0.5839670863982047,0.5839670863982047,0.2518821251882125,0.2518821251882125,0.9997865528281751,1.1536695824803027,285637.0,5752890.0,323700.0,323700.0,323700.0,0.0,0.0,0.0,0.0,0.0
cold_frozen_i20m_h8_s7_state0_mac0,frozen,cold,final,8,7,i20m,0,0,25000000,25000000,25000000,16118.0,18404.0,4740.0,0.0,0.0,4624.0,16118.0,3402.0,0.0,0.0,18404.0,0.0,0.0,16118.0,1000000.0,141.0,0.0,2447537.0,0.0,16118.0,21,20000000.0,21000000.0,51884719.0,0.40857400725709153,3.402,0.21106837076560367,0.5761275853476202,0.5761275853476202,0.2512497283199305,0.2512497283199305,1.0,1.1418290110435538,283755.0,6036645.0,339818.0,339818.0,339818.0,0.0,0.0,0.0,0.0,0.0
cold_frozen_i20m_h8_s7_state0_mac0,frozen,cold,final,8,7,i20m,0,0,25000000,25000000,25000000,16084.0,18554.0,4825.0,0.0,0.0,4690.0,16084.0,3348.0,0.0,0.0,18554.0,0.0,0.0,16084.0,1000000.0,120.0,0.0,2458989.0,0.0,16084.0,22,21000000.0,22000000.0,54343708.0,0.40667119698380105,3.348,0.2081571748321313,0.5834784772331426,0.5834784772331426,0.2527756817936833,0.2527756817936833,1.0,1.1535687639890575,285355.0,6322000.0,355902.0,355902.0,355902.0,0.0,0.0,0.0,0.0,0.0
cold_frozen_i20m_h8_s7_state0_mac0,frozen,cold,final,8,7,i20m,0,0,25000000,25000000,25000000,16132.0,18700.0,4894.0,0.0,0.0,4739.0,16132.0,3306.0,0.0,0.0,18700.0,0.0,0.0,16132.0,1000000.0,141.0,0.0,2447060.0,0.0,16132.0,23,22000000.0,23000000.0,56790768.0,0.40865364968574536,3.306,0.2049342920902554,0.5890615288999379,0.5890615288999379,0.2534224598930481,0.2534224598930481,1.0,1.1591867096454251,279458.0,6601458.0,372034.0,372034.0,372034.0,0.0,0.0,0.0,0.0,0.0
cold_frozen_i20m_h8_s7_state0_mac0,frozen,cold,final,8,7,i20m,0,0,25000000,25000000,25000000,16130.0,18650.0,4846.0,0.0,0.0,4713.0,16130.0,3314.0,0.0,0.0,18650.0,0.0,0.0,16130.0,1000000.0,159.0,0.0,2436491.0,0.0,16130.0,24,23000000.0,24000000.0,59227259.0,0.410426305699467,3.314,0.20545567265964043,0.5871433910551888,0.5871433910551888,0.2527077747989276,0.2527077747989276,1.0,1.1562306261624302,275293.0,6876751.0,388164.0,388164.0,388164.0,0.0,0.0,0.0,0.0,0.0
cold_frozen_i20m_h8_s7_state0_mac0,frozen,cold,final,8,7,i20m,0,0,25000000,25000000,25000000,16107.0,18473.0,4752.0,0.0,0.0,4679.0,16107.0,3301.0,0.0,0.0,18473.0,0.0,0.0,16107.0,1000000.0,87.0,0.0,2311164.0,2.0,16107.0,25,24000000.0,25000000.0,61538423.0,0.43268240592186447,3.301,0.20494195070466256,0.5863408521303258,0.5863408521303258,0.25328858333784443,0.25328858333784443,0.999572740867336,1.1468926553672316,82551.0,6959302.0,404271.0,404271.0,404271.0,0.0,0.0,0.0,0.0,0.0
cold_none_h0_s7_state0_mac0,no_pref,cold,final,0,7,,0,0,25000000,25000000,25000000,16196.0,0.0,0.0,0.0,0.0,0.0,0.0,8595.0,0.0,0.0,0.0,0.0,0.0,16195.0,1000000.0,0.0,0.0,2798470.0,0.0,0.0,1,0.0,1000000.0,2798470.0,0.35733811689959155,8.595,0.5307193578264897,0.0,0.0,NA,NA,NA,0.0,-15413.0,-15413.0,16196.0,0.0,0.0,0.0,0.0,0.0,0.0,0.0
cold_none_h0_s7_state0_mac0,no_pref,cold,final,0,7,,0,0,25000000,25000000,25000000,16124.0,0.0,0.0,0.0,0.0,0.0,0.0,8016.0,0.0,0.0,0.0,0.0,0.0,16125.0,1000000.0,0.0,0.0,2747482.0,0.0,0.0,2,1000000.0,2000000.0,5545952.0,0.36396962746252753,8.016,0.49711627906976746,0.0,0.0,NA,NA,NA,0.0,-20250.0,-35663.0,32320.0,0.0,0.0,0.0,0.0,0.0,0.0,0.0
cold_none_h0_s7_state0_mac0,no_pref,cold,final,0,7,,0,0,25000000,25000000,25000000,16133.0,0.0,0.0,0.0,0.0,0.0,0.0,8001.0,0.0,0.0,0.0,0.0,0.0,16133.0,1000000.0,0.0,0.0,2752098.0,0.0,0.0,3,2000000.0,3000000.0,8298050.0,0.3633591536347906,8.001,0.495939998760305,0.0,0.0,NA,NA,NA,0.0,-16601.0,-52264.0,48453.0,0.0,0.0,0.0,0.0,0.0,0.0,0.0
cold_none_h0_s7_state0_mac0,no_pref,cold,final,0,7,,0,0,25000000,25000000,25000000,16100.0,0.0,0.0,0.0,0.0,0.0,0.0,8004.0,0.0,0.0,0.0,0.0,0.0,16100.0,1000000.0,0.0,0.0,2758962.0,0.0,0.0,4,3000000.0,4000000.0,11057012.0,0.3624551552359184,8.004,0.49714285714285716,0.0,0.0,NA,NA,NA,0.0,-17674.0,-69938.0,64553.0,0.0,0.0,0.0,0.0,0.0,0.0,0.0
cold_none_h0_s7_state0_mac0,no_pref,cold,final,0,7,,0,0,25000000,25000000,25000000,16178.0,0.0,0.0,0.0,0.0,0.0,0.0,8044.0,0.0,0.0,0.0,0.0,0.0,16178.0,1000000.0,0.0,0.0,2757716.0,0.0,0.0,5,4000000.0,5000000.0,13814728.0,0.362618920875101,8.044,0.4972184448015824,0.0,0.0,NA,NA,NA,0.0,-15412.0,-85350.0,80731.0,0.0,0.0,0.0,0.0,0.0,0.0,0.0
cold_none_h0_s7_state0_mac0,no_pref,cold,final,0,7,,0,0,25000000,25000000,25000000,16126.0,0.0,0.0,0.0,0.0,0.0,0.0,8089.0,0.0,0.0,0.0,0.0,0.0,16125.0,1000000.0,0.0,0.0,2776820.0,0.0,0.0,6,5000000.0,6000000.0,16591548.0,0.3601241708140967,8.089,0.5016434108527131,0.0,0.0,NA,NA,NA,0.0,-19862.0,-105212.0,96857.0,0.0,0.0,0.0,0.0,0.0,0.0,0.0
cold_none_h0_s7_state0_mac0,no_pref,cold,final,0,7,,0,0,25000000,25000000,25000000,16179.0,0.0,0.0,0.0,0.0,0.0,0.0,8090.0,0.0,0.0,0.0,0.0,0.0,16180.0,1000000.0,0.0,0.0,2747699.0,0.0,0.0,7,6000000.0,7000000.0,19339247.0,0.36394088289874543,8.09,0.5,0.0,0.0,NA,NA,NA,0.0,-18560.0,-123772.0,113036.0,0.0,0.0,0.0,0.0,0.0,0.0,0.0
cold_none_h0_s7_state0_mac0,no_pref,cold,final,0,7,,0,0,25000000,25000000,25000000,16131.0,0.0,0.0,0.0,0.0,0.0,0.0,8017.0,0.0,0.0,0.0,0.0,0.0,16131.0,1000000.0,0.0,0.0,2743917.0,0.0,0.0,8,7000000.0,8000000.0,22083164.0,0.3644425104695222,8.017,0.49699336680924927,0.0,0.0,NA,NA,NA,0.0,-16219.0,-139991.0,129167.0,0.0,0.0,0.0,0.0,0.0,0.0,0.0
cold_none_h0_s7_state0_mac0,no_pref,cold,final,0,7,,0,0,25000000,25000000,25000000,16161.0,0.0,0.0,0.0,0.0,0.0,0.0,8089.0,0.0,0.0,0.0,0.0,0.0,16161.0,1000000.0,0.0,0.0,2768513.0,0.0,0.0,9,8000000.0,9000000.0,24851677.0,0.361204733371308,8.089,0.5005259575521317,0.0,0.0,NA,NA,NA,0.0,-21409.0,-161400.0,145328.0,0.0,0.0,0.0,0.0,0.0,0.0,0.0
cold_none_h0_s7_state0_mac0,no_pref,cold,final,0,7,,0,0,25000000,25000000,25000000,16148.0,0.0,0.0,0.0,0.0,0.0,0.0,8048.0,0.0,0.0,0.0,0.0,0.0,16148.0,1000000.0,0.0,0.0,2745262.0,0.0,0.0,10,9000000.0,10000000.0,27596939.0,0.3642639573199207,8.048,0.49838989348526136,0.0,0.0,NA,NA,NA,0.0,-16154.0,-177554.0,161476.0,0.0,0.0,0.0,0.0,0.0,0.0,0.0
cold_none_h0_s7_state0_mac0,no_pref,cold,final,0,7,,0,0,25000000,25000000,25000000,16137.0,0.0,0.0,0.0,0.0,0.0,0.0,8014.0,0.0,0.0,0.0,0.0,0.0,16137.0,1000000.0,0.0,0.0,2748673.0,0.0,0.0,11,10000000.0,11000000.0,30345612.0,0.36381191942439134,8.014,0.4966226684018095,0.0,0.0,NA,NA,NA,0.0,-18120.0,-195674.0,177613.0,0.0,0.0,0.0,0.0,0.0,0.0,0.0
cold_none_h0_s7_state0_mac0,no_pref,cold,final,0,7,,0,0,25000000,25000000,25000000,16443.0,0.0,0.0,0.0,0.0,0.0,0.0,8641.0,0.0,0.0,0.0,0.0,0.0,16443.0,1000000.0,0.0,0.0,2857771.0,0.0,0.0,12,11000000.0,12000000.0,33203383.0,0.3499230694131895,8.641,0.5255123760870888,0.0,0.0,NA,NA,NA,0.0,-28604.0,-224278.0,194056.0,0.0,0.0,0.0,0.0,0.0,0.0,0.0
cold_none_h0_s7_state0_mac0,no_pref,cold,final,0,7,,0,0,25000000,25000000,25000000,16477.0,0.0,0.0,0.0,0.0,0.0,0.0,8761.0,0.0,0.0,0.0,0.0,0.0,16477.0,1000000.0,0.0,0.0,2911737.0,0.0,0.0,13,12000000.0,13000000.0,36115120.0,0.3434376112952509,8.761,0.5317108696971536,0.0,0.0,NA,NA,NA,0.0,-29834.0,-254112.0,210533.0,0.0,0.0,0.0,0.0,0.0,0.0,0.0
cold_none_h0_s7_state0_mac0,no_pref,cold,final,0,7,,0,0,25000000,25000000,25000000,16478.0,0.0,0.0,0.0,0.0,0.0,0.0,9059.0,0.0,0.0,0.0,0.0,0.0,16478.0,1000000.0,0.0,0.0,2932411.0,0.0,0.0,14,13000000.0,14000000.0,39047531.0,0.341016317289766,9.059,0.5497633207913581,0.0,0.0,NA,NA,NA,0.0,-24042.0,-278154.0,227011.0,0.0,0.0,0.0,0.0,0.0,0.0,0.0
cold_none_h0_s7_state0_mac0,no_pref,cold,final,0,7,,0,0,25000000,25000000,25000000,16096.0,0.0,0.0,0.0,0.0,0.0,0.0,8048.0,0.0,0.0,0.0,0.0,0.0,16096.0,1000000.0,0.0,0.0,2754311.0,0.0,0.0,15,14000000.0,15000000.0,41801842.0,0.36306720628135314,8.048,0.5,0.0,0.0,NA,NA,NA,0.0,-18597.0,-296751.0,243107.0,0.0,0.0,0.0,0.0,0.0,0.0,0.0
cold_none_h0_s7_state0_mac0,no_pref,cold,final,0,7,,0,0,25000000,25000000,25000000,16111.0,0.0,0.0,0.0,0.0,0.0,0.0,8028.0,0.0,0.0,0.0,0.0,0.0,16111.0,1000000.0,0.0,0.0,2751449.0,0.0,0.0,16,15000000.0,16000000.0,44553291.0,0.36344486123493475,8.028,0.4982930916764943,0.0,0.0,NA,NA,NA,0.0,-15474.0,-312225.0,259218.0,0.0,0.0,0.0,0.0,0.0,0.0,0.0
cold_none_h0_s7_state0_mac0,no_pref,cold,final,0,7,,0,0,25000000,25000000,25000000,16140.0,0.0,0.0,0.0,0.0,0.0,0.0,8038.0,0.0,0.0,0.0,0.0,0.0,16140.0,1000000.0,0.0,0.0,2758057.0,0.0,0.0,17,16000000.0,17000000.0,47311348.0,0.36257408748260095,8.038,0.4980173482032218,0.0,0.0,NA,NA,NA,0.0,-15292.0,-327517.0,275358.0,0.0,0.0,0.0,0.0,0.0,0.0,0.0
cold_none_h0_s7_state0_mac0,no_pref,cold,final,0,7,,0,0,25000000,25000000,25000000,16122.0,0.0,0.0,0.0,0.0,0.0,0.0,8046.0,0.0,0.0,0.0,0.0,0.0,16122.0,1000000.0,0.0,0.0,2751790.0,0.0,0.0,18,17000000.0,18000000.0,50063138.0,0.36339982338768584,8.046,0.4990695943431336,0.0,0.0,NA,NA,NA,0.0,-17135.0,-344652.0,291480.0,0.0,0.0,0.0,0.0,0.0,0.0,0.0
cold_none_h0_s7_state0_mac0,no_pref,cold,final,0,7,,0,0,25000000,25000000,25000000,16101.0,0.0,0.0,0.0,0.0,0.0,0.0,7999.0,0.0,0.0,0.0,0.0,0.0,16101.0,1000000.0,0.0,0.0,2756013.0,0.0,0.0,19,18000000.0,19000000.0,52819151.0,0.3628429909438018,7.999,0.4968014409042917,0.0,0.0,NA,NA,NA,0.0,-16170.0,-360822.0,307581.0,0.0,0.0,0.0,0.0,0.0,0.0,0.0
cold_none_h0_s7_state0_mac0,no_pref,cold,final,0,7,,0,0,25000000,25000000,25000000,16119.0,0.0,0.0,0.0,0.0,0.0,0.0,8021.0,0.0,0.0,0.0,0.0,0.0,16119.0,1000000.0,0.0,0.0,2748210.0,0.0,0.0,20,19000000.0,20000000.0,55567361.0,0.36387321201800443,8.021,0.4976115143619331,0.0,0.0,NA,NA,NA,0.0,-16467.0,-377289.0,323700.0,0.0,0.0,0.0,0.0,0.0,0.0,0.0
cold_none_h0_s7_state0_mac0,no_pref,cold,final,0,7,,0,0,25000000,25000000,25000000,16118.0,0.0,0.0,0.0,0.0,0.0,0.0,8026.0,0.0,0.0,0.0,0.0,0.0,16118.0,1000000.0,0.0,0.0,2748123.0,0.0,0.0,21,20000000.0,21000000.0,58315484.0,0.36388473150583145,8.026,0.49795259957811144,0.0,0.0,NA,NA,NA,0.0,-16831.0,-394120.0,339818.0,0.0,0.0,0.0,0.0,0.0,0.0,0.0
cold_none_h0_s7_state0_mac0,no_pref,cold,final,0,7,,0,0,25000000,25000000,25000000,16084.0,0.0,0.0,0.0,0.0,0.0,0.0,8038.0,0.0,0.0,0.0,0.0,0.0,16084.0,1000000.0,0.0,0.0,2763367.0,0.0,0.0,22,21000000.0,22000000.0,61078851.0,0.36187737640349615,8.038,0.49975130564536185,0.0,0.0,NA,NA,NA,0.0,-19023.0,-413143.0,355902.0,0.0,0.0,0.0,0.0,0.0,0.0,0.0
cold_none_h0_s7_state0_mac0,no_pref,cold,final,0,7,,0,0,25000000,25000000,25000000,16132.0,0.0,0.0,0.0,0.0,0.0,0.0,8045.0,0.0,0.0,0.0,0.0,0.0,16132.0,1000000.0,0.0,0.0,2743789.0,0.0,0.0,23,22000000.0,23000000.0,63822640.0,0.36445951201058097,8.045,0.4986982395239276,0.0,0.0,NA,NA,NA,0.0,-17271.0,-430414.0,372034.0,0.0,0.0,0.0,0.0,0.0,0.0,0.0
cold_none_h0_s7_state0_mac0,no_pref,cold,final,0,7,,0,0,25000000,25000000,25000000,16130.0,0.0,0.0,0.0,0.0,0.0,0.0,8027.0,0.0,0.0,0.0,0.0,0.0,16130.0,1000000.0,0.0,0.0,2727151.0,0.0,0.0,24,23000000.0,24000000.0,66549791.0,0.3666830329527041,8.027,0.4976441413515189,0.0,0.0,NA,NA,NA,0.0,-15367.0,-445781.0,388164.0,0.0,0.0,0.0,0.0,0.0,0.0,0.0
cold_none_h0_s7_state0_mac0,no_pref,cold,final,0,7,,0,0,25000000,25000000,25000000,16107.0,0.0,0.0,0.0,0.0,0.0,0.0,7980.0,0.0,0.0,0.0,0.0,0.0,16107.0,1000000.0,0.0,0.0,2413714.0,0.0,0.0,25,24000000.0,25000000.0,68963505.0,0.4142992914653517,7.98,0.4954367666232073,0.0,0.0,NA,NA,NA,0.0,-19999.0,-465780.0,404271.0,0.0,0.0,0.0,0.0,0.0,0.0,0.0
cold_stride_h0_s7_state0_mac0,stride,cold,final,0,7,,0,0,25000000,25000000,25000000,16196.0,4803.0,1461.0,0.0,0.0,1451.0,0.0,7144.0,0.0,0.0,4803.0,0.0,0.0,16195.0,1000000.0,5.0,0.0,2783057.0,0.0,0.0,1,0.0,1000000.0,2783057.0,0.3593171106448772,7.144,0.4411238036430997,0.16881908086096567,0.16881908086096567,0.3021028523839267,0.3021028523839267,1.0,0.29657301636307504,0.0,0.0,16196.0,0.0,0.0,0.0,0.0,0.0,0.0,0.0
cold_stride_h0_s7_state0_mac0,stride,cold,final,0,7,,0,0,25000000,25000000,25000000,16124.0,4845.0,1430.0,0.0,0.0,1411.0,0.0,6605.0,0.0,0.0,4845.0,0.0,0.0,16125.0,1000000.0,10.0,0.0,2727232.0,0.0,0.0,2,1000000.0,2000000.0,5510289.0,0.36667214230399175,6.605,0.4096124031007752,0.17602295409181637,0.17602295409181637,0.2912280701754386,0.2912280701754386,1.0,0.30046511627906974,0.0,0.0,32320.0,0.0,0.0,0.0,0.0,0.0,0.0,0.0
cold_stride_h0_s7_state0_mac0,stride,cold,final,0,7,,0,0,25000000,25000000,25000000,16133.0,4635.0,1389.0,0.0,0.0,1379.0,0.0,6622.0,0.0,0.0,4635.0,0.0,0.0,16133.0,1000000.0,19.0,0.0,2735497.0,1.0,0.0,3,2000000.0,3000000.0,8245786.0,0.36556428319972567,6.622,0.4104630260955805,0.17235345581802275,0.17235345581802275,0.2975188781014024,0.2975188781014024,0.9992753623188406,0.2872993243662059,0.0,0.0,48453.0,0.0,0.0,0.0,0.0,0.0,0.0,0.0
cold_stride_h0_s7_state0_mac0,stride,cold,final,0,7,,0,0,25000000,25000000,25000000,16100.0,4888.0,1409.0,0.0,0.0,1387.0,0.0,6617.0,0.0,0.0,4888.0,0.0,0.0,16100.0,1000000.0,12.0,0.0,2741288.0,0.0,0.0,4,3000000.0,4000000.0,10987074.0,0.36479202477083766,6.617,0.41099378881987575,0.17328835582208896,0.17328835582208896,0.28375613747954176,0.28375613747954176,1.0,0.3036024844720497,0.0,0.0,64553.0,0.0,0.0,0.0,0.0,0.0,0.0,0.0
cold_stride_h0_s7_state0_mac0,stride,cold,final,0,7,,0,0,25000000,25000000,25000000,16178.0,4929.0,1398.0,0.0,0.0,1378.0,0.0,6666.0,0.0,0.0,4929.0,0.0,0.0,16178.0,1000000.0,25.0,0.0,2742304.0,2.0,0.0,5,4000000.0,5000000.0,13729378.0,0.3646568724692813,6.666,0.4120410433922611,0.1713078070611636,0.1713078070611636,0.27956989247311825,0.27956989247311825,0.9985507246376811,0.3046730127333416,0.0,0.0,80731.0,0.0,0.0,0.0,0.0,0.0,0.0,0.0
cold_stride_h0_s7_state0_mac0,stride,cold,final,0,7,,0,0,25000000,25000000,25000000,16126.0,4940.0,1426.0,0.0,0.0,1398.0,0.0,6691.0,0.0,0.0,4940.0,0.0,0.0,16125.0,1000000.0,21.0,0.0,2756958.0,1.0,0.0,6,5000000.0,6000000.0,16486336.0,0.36271861957998636,6.691,0.41494573643410854,0.17282729632834715,0.17282729632834715,0.28299595141700407,0.28299595141700407,0.9992852037169406,0.3063565891472868,0.0,0.0,96857.0,0.0,0.0,0.0,0.0,0.0,0.0,0.0
cold_stride_h0_s7_state0_mac0,stride,cold,final,0,7,,0,0,25000000,25000000,25000000,16179.0,4945.0,1413.0,0.0,0.0,1400.0,0.0,6690.0,0.0,0.0,4945.0,0.0,0.0,16180.0,1000000.0,25.0,0.0,2729139.0,2.0,0.0,7,6000000.0,7000000.0,19215475.0,0.3664159282469673,6.69,0.4134734239802225,0.173053152039555,0.173053152039555,0.28311425682507585,0.28311425682507585,0.9985734664764622,0.30562422744128553,0.0,0.0,113036.0,0.0,0.0,0.0,0.0,0.0,0.0,0.0
cold_stride_h0_s7_state0_mac0,stride,cold,final,0,7,,0,0,25000000,25000000,25000000,16131.0,4800.0,1401.0,0.0,0.0,1393.0,0.0,6624.0,0.0,0.0,4800.0,0.0,0.0,16131.0,1000000.0,9.0,0.0,2727698.0,2.0,0.0,8,7000000.0,8000000.0,21943173.0,0.3666095000252961,6.624,0.41063790217593454,0.17375576899089434,0.17375576899089434,0.29020833333333335,0.29020833333333335,0.9985663082437276,0.29756369722893805,0.0,0.0,129167.0,0.0,0.0,0.0,0.0,0.0,0.0,0.0
cold_stride_h0_s7_state0_mac0,stride,cold,final,0,7,,0,0,25000000,25000000,25000000,16161.0,4861.0,1430.0,0.0,0.0,1408.0,0.0,6681.0,0.0,0.0,4861.0,0.0,0.0,16161.0,1000000.0,12.0,0.0,2747104.0,5.0,0.0,9,8000000.0,9000000.0,24690277.0,0.36401970948315027,6.681,0.4134026359754966,0.1740635430831994,0.1740635430831994,0.28965233491051223,0.28965233491051223,0.9964614295824487,0.3007858424602438,0.0,0.0,145328.0,0.0,0.0,0.0,0.0,0.0,0.0,0.0
cold_stride_h0_s7_state0_mac0,stride,cold,final,0,7,,0,0,25000000,25000000,25000000,16148.0,4911.0,1405.0,0.0,0.0,1391.0,0.0,6657.0,0.0,0.0,4911.0,0.0,0.0,16148.0,1000000.0,18.0,0.0,2729108.0,2.0,0.0,10,9000000.0,10000000.0,27419385.0,0.3664200903738511,6.657,0.4122491949467426,0.172837972166998,0.172837972166998,0.283241702300957,0.283241702300957,0.9985642498205313,0.3041243497646767,0.0,0.0,161476.0,0.0,0.0,0.0,0.0,0.0,0.0,0.0
cold_stride_h0_s7_state0_mac0,stride,cold,final,0,7,,0,0,25000000,25000000,25000000,16137.0,4987.0,1406.0,0.0,0.0,1391.0,0.0,6623.0,0.0,0.0,4987.0,0.0,0.0,16137.0,1000000.0,16.0,0.0,2730553.0,0.0,0.0,11,10000000.0,11000000.0,30149938.0,0.3662261820224694,6.623,0.41042325091404847,0.17357125031195408,0.17357125031195408,0.27892520553438943,0.27892520553438943,1.0,0.3090413335812109,0.0,0.0,177613.0,0.0,0.0,0.0,0.0,0.0,0.0,0.0
cold_stride_h0_s7_state0_mac0,stride,cold,final,0,7,,0,0,25000000,25000000,25000000,16443.0,5124.0,1478.0,0.0,0.0,1425.0,0.0,7216.0,0.0,0.0,5124.0,0.0,0.0,16443.0,1000000.0,19.0,0.0,2829167.0,73.0,0.0,12,11000000.0,12000000.0,32979105.0,0.3534609303727917,7.216,0.4388493583895883,0.16491146858002545,0.16491146858002545,0.2781030444964871,0.2781030444964871,0.9512683578104139,0.3116219667943806,0.0,0.0,194056.0,0.0,0.0,0.0,0.0,0.0,0.0,0.0
cold_stride_h0_s7_state0_mac0,stride,cold,final,0,7,,0,0,25000000,25000000,25000000,16477.0,4826.0,1488.0,0.0,0.0,1417.0,0.0,7344.0,0.0,0.0,4826.0,0.0,0.0,16477.0,1000000.0,68.0,0.0,2881903.0,51.0,0.0,13,12000000.0,13000000.0,35861008.0,0.34699294181657053,7.344,0.4457122048916672,0.1617395274512042,0.1617395274512042,0.29361790302527974,0.29361790302527974,0.965258855585831,0.29289312374825516,0.0,0.0,210533.0,0.0,0.0,0.0,0.0,0.0,0.0,0.0
cold_stride_h0_s7_state0_mac0,stride,cold,final,0,7,,0,0,25000000,25000000,25000000,16478.0,4613.0,1442.0,0.0,0.0,1401.0,0.0,7659.0,0.0,0.0,4613.0,0.0,0.0,16478.0,1000000.0,68.0,0.0,2908369.0,15.0,0.0,14,13000000.0,14000000.0,38769377.0,0.343835324884841,7.659,0.4648015535866003,0.1546528314383486,0.15454244397836406,0.3037069152395404,0.3037069152395404,0.989406779661017,0.27994902293967716,0.0,0.0,227011.0,0.0,0.0,0.0,0.0,0.0,0.0,0.0
cold_stride_h0_s7_state0_mac0,stride,cold,final,0,7,,0,0,25000000,25000000,25000000,16096.0,4614.0,1412.0,0.0,0.0,1392.0,0.0,6656.0,0.0,0.0,4614.0,0.0,0.0,16096.0,1000000.0,32.0,0.0,2735714.0,2.0,0.0,15,14000000.0,15000000.0,41505091.0,0.36553528621778447,6.656,0.4135188866799205,0.17296222664015903,0.17296222664015903,0.3016905071521456,0.3016905071521456,0.9985652797704447,0.286655069582505,0.0,0.0,243107.0,0.0,0.0,0.0,0.0,0.0,0.0,0.0
cold_stride_h0_s7_state0_mac0,stride,cold,final,0,7,,0,0,25000000,25000000,25000000,16111.0,4865.0,1400.0,0.0,0.0,1385.0,0.0,6643.0,0.0,0.0,4865.0,0.0,0.0,16111.0,1000000.0,19.0,0.0,2735975.0,1.0,0.0,16,15000000.0,16000000.0,44241066.0,0.36550041575672293,6.643,0.4123269815653901,0.17252117588440458,0.17252117588440458,0.2846865364850976,0.2846865364850976,0.9992784992784993,0.3019675997765502,0.0,0.0,259218.0,0.0,0.0,0.0,0.0,0.0,0.0,0.0
cold_stride_h0_s7_state0_mac0,stride,cold,final,0,7,,0,0,25000000,25000000,25000000,16140.0,4742.0,1391.0,0.0,0.0,1375.0,0.0,6663.0,0.0,0.0,4742.0,0.0,0.0,16140.0,1000000.0,13.0,0.0,2742765.0,1.0,0.0,17,16000000.0,17000000.0,46983831.0,0.36459558146614823,6.663,0.4128252788104089,0.17106245334660364,0.17106245334660364,0.289962041332771,0.289962041332771,0.9992732558139535,0.29380421313506816,0.0,0.0,275358.0,0.0,0.0,0.0,0.0,0.0,0.0,0.0
cold_stride_h0_s7_state0_mac0,stride,cold,final,0,7,,0,0,25000000,25000000,25000000,16122.0,4953.0,1417.0,0.0,0.0,1395.0,0.0,6651.0,0.0,0.0,4953.0,0.0,0.0,16122.0,1000000.0,23.0,0.0,2734655.0,2.0,0.0,18,17000000.0,18000000.0,49718486.0,0.36567684040582815,6.651,0.41254186825455896,0.17337807606263983,0.17337807606263983,0.2816474863718958,0.2816474863718958,0.9985683607730852,0.30721994789728324,0.0,0.0,291480.0,0.0,0.0,0.0,0.0,0.0,0.0,0.0
cold_stride_h0_s7_state0_mac0,stride,cold,final,0,7,,0,0,25000000,25000000,25000000,16101.0,4854.0,1404.0,0.0,0.0,1388.0,0.0,6611.0,0.0,0.0,4854.0,0.0,0.0,16101.0,1000000.0,16.0,0.0,2739843.0,1.0,0.0,19,18000000.0,19000000.0,52458329.0,0.3649844169903166,6.611,0.4105956151791814,0.17352169021127642,0.17352169021127642,0.28594973217964564,0.28594973217964564,0.9992800575953924,0.3014719582634619,0.0,0.0,307581.0,0.0,0.0,0.0,0.0,0.0,0.0,0.0
cold_stride_h0_s7_state0_mac0,stride,cold,final,0,7,,0,0,25000000,25000000,25000000,16119.0,4796.0,1411.0,0.0,0.0,1394.0,0.0,6627.0,0.0,0.0,4796.0,0.0,0.0,16119.0,1000000.0,12.0,0.0,2731743.0,0.0,0.0,20,19000000.0,20000000.0,55190072.0,0.36606664682585444,6.627,0.41112972268751163,0.17379379129784317,0.17379379129784317,0.29065888240200166,0.29065888240200166,1.0,0.297537068056331,0.0,0.0,323700.0,0.0,0.0,0.0,0.0,0.0,0.0,0.0
cold_stride_h0_s7_state0_mac0,stride,cold,final,0,7,,0,0,25000000,25000000,25000000,16118.0,4680.0,1392.0,0.0,0.0,1383.0,0.0,6643.0,0.0,0.0,4680.0,0.0,0.0,16118.0,1000000.0,13.0,0.0,2731292.0,1.0,0.0,21,20000000.0,21000000.0,57921364.0,0.3661270929655269,6.643,0.4121479091698722,0.17231497632693746,0.17231497632693746,0.2955128205128205,0.2955128205128205,0.9992774566473989,0.29035860528601565,0.0,0.0,339818.0,0.0,0.0,0.0,0.0,0.0,0.0,0.0
cold_stride_h0_s7_state0_mac0,stride,cold,final,0,7,,0,0,25000000,25000000,25000000,16084.0,4884.0,1415.0,0.0,0.0,1395.0,0.0,6643.0,0.0,0.0,4884.0,0.0,0.0,16084.0,1000000.0,18.0,0.0,2744344.0,1.0,0.0,22,21000000.0,22000000.0,60665708.0,0.36438580586107283,6.643,0.41301914946530716,0.1735506344861906,0.1735506344861906,0.2856265356265356,0.2856265356265356,0.9992836676217765,0.3036558070131808,0.0,0.0,355902.0,0.0,0.0,0.0,0.0,0.0,0.0,0.0
cold_stride_h0_s7_state0_mac0,stride,cold,final,0,7,,0,0,25000000,25000000,25000000,16132.0,4826.0,1421.0,0.0,0.0,1396.0,0.0,6649.0,0.0,0.0,4826.0,0.0,0.0,16132.0,1000000.0,23.0,0.0,2726518.0,3.0,0.0,23,22000000.0,23000000.0,63392226.0,0.3667681636431522,6.649,0.41216216216216217,0.1735239279055314,0.1735239279055314,0.28926647326978866,0.28926647326978866,0.997855611150822,0.29915695512025786,0.0,0.0,372034.0,0.0,0.0,0.0,0.0,0.0,0.0,0.0
cold_stride_h0_s7_state0_mac0,stride,cold,final,0,7,,0,0,25000000,25000000,25000000,16130.0,4856.0,1392.0,0.0,0.0,1372.0,0.0,6655.0,0.0,0.0,4856.0,0.0,0.0,16130.0,1000000.0,20.0,0.0,2711784.0,2.0,0.0,24,23000000.0,24000000.0,66104010.0,0.36876093376168606,6.655,0.4125852448853069,0.170923134421328,0.170923134421328,0.2825370675453048,0.2825370675453048,0.9985443959243085,0.30105393676379416,0.0,0.0,388164.0,0.0,0.0,0.0,0.0,0.0,0.0,0.0
cold_stride_h0_s7_state0_mac0,stride,cold,final,0,7,,0,0,25000000,25000000,25000000,16107.0,4843.0,1408.0,0.0,0.0,1395.0,0.0,6585.0,0.0,0.0,4843.0,0.0,0.0,16107.0,1000000.0,19.0,0.0,2393715.0,0.0,0.0,25,24000000.0,25000000.0,68497725.0,0.41776067744071455,6.585,0.4088284596759173,0.17481203007518797,0.17481203007518797,0.2880446004542639,0.2880446004542639,1.0,0.30067672440553794,0.0,0.0,404271.0,0.0,0.0,0.0,0.0,0.0,0.0,0.0
