trace,prefetcher,demand,demand_hit,demand_miss,demand_miss_rate,covered_on_time,covered_on_time_rate,coverage_among_misses,late_prefetch,late_rate_among_misses,residual_miss,residual_miss_rate,residual_share_of_misses,original_miss_pool,pf_requested_events,pf_accepted_events,pf_duplicate_events,pf_duplicate_rate,pf_dropped_events,pf_dropped_rate,top_residual_pcs,top_residual_deltas,parse_error,event_file
602.gcc_s-734B,no_pref,404219,201088,203131,0.502527095460629,0,0.0,0.0,0,0.0,203131,0.502527095460629,1.0,203131,0,0,0,0.0,0,0.0,"[('4257721', 118240), ('4257546', 76898), ('10822177', 2399), ('10822172', 844), ('10798147', 577), ('4257687', 318), ('10822331', 316), ('4257926', 316), ('10822190', 306), ('10822480', 305)]",[],0,formal_NN_training/results/base_prefetcher_zoo/residual_audit/events/602.gcc_s-734B.no_pref.events.csv.gz
602.gcc_s-734B,stride,404219,235942,168277,0.41630155930324897,34854,0.08622553615738003,0.1715838547538288,164,0.0009745835735127201,168277,0.41630155930324897,0.8284161452461712,203131,122156,122156,0,0.0,0,0.0,"[('4257721', 116878), ('4257546', 43993), ('10822177', 2103), ('10822172', 742), ('10798147', 566), ('4257687', 318), ('10822331', 316), ('4257926', 316), ('10822480', 305), ('10822190', 286)]",[],0,formal_NN_training/results/base_prefetcher_zoo/residual_audit/events/602.gcc_s-734B.stride.events.csv.gz
602.gcc_s-734B,streamer,404219,388744,15475,0.03828370264633775,187663,0.4642607101595917,0.923820260118737,47,0.003037156704361874,15475,0.03828370264633775,0.07617973988126299,203138,1808879,1808879,847,0.00046824580306366537,0,0.0,"[('4257721', 6825), ('4257546', 4048), ('10822177', 1324), ('10822172', 489), ('10798147', 376), ('4257687', 291), ('10822331', 283), ('4257926', 247), ('10822480', 229), ('4248575', 229)]",[],0,formal_NN_training/results/base_prefetcher_zoo/residual_audit/events/602.gcc_s-734B.streamer.events.csv.gz
602.gcc_s-734B,ampm,404219,387187,17032,0.0421355750224507,186100,0.4603939943446498,0.9161530433412757,600,0.035227806481916396,17032,0.0421355750224507,0.08384695665872438,203132,1424170,1424170,1015,0.000712695815808506,0,0.0,"[('4257721', 6902), ('4257546', 4318), ('10822177', 1643), ('10822172', 703), ('10798147', 481), ('4257687', 316), ('10822331', 313), ('10822480', 283), ('4257926', 265), ('10822190', 259)]",[],0,formal_NN_training/results/base_prefetcher_zoo/residual_audit/events/602.gcc_s-734B.ampm.events.csv.gz
602.gcc_s-734B,spp,404219,333346,70873,0.1753331733540482,132253,0.3271815525742234,0.6510884869489874,384,0.005418142310894135,70873,0.1753331733540482,0.34891151305101265,203126,2254525,2254525,1846,0.0008187977511892749,0,0.0,"[('4257721', 38463), ('4257546', 25202), ('10822177', 2214), ('10822172', 823), ('10798147', 567), ('4257687', 317), ('4257926', 316), ('10822331', 313), ('10822190', 300), ('10822480', 298)]",[],0,formal_NN_training/results/base_prefetcher_zoo/residual_audit/events/602.gcc_s-734B.spp.events.csv.gz
602.gcc_s-734B,ipcp,404219,201088,203131,0.502527095460629,0,0.0,0.0,1,4.92293150725394e-06,203131,0.502527095460629,1.0,203131,2,2,0,0.0,0,0.0,"[('4257721', 118240), ('4257546', 76898), ('10822177', 2399), ('10822172', 844), ('10798147', 577), ('4257687', 318), ('10822331', 316), ('4257926', 316), ('10822190', 306), ('10822480', 305)]",[],0,formal_NN_training/results/base_prefetcher_zoo/residual_audit/events/602.gcc_s-734B.ipcp.events.csv.gz
602.gcc_s-734B,sms,404219,363050,41169,0.10184825552485163,161972,0.4007035790004923,0.7973378096986822,173,0.004202190968932935,41169,0.10184825552485163,0.2026621903013178,203141,343446,343446,0,0.0,0,0.0,"[('4257721', 21743), ('4257546', 13783), ('10822177', 1734), ('10822172', 696), ('10798147', 505), ('10822331', 307), ('4257687', 296), ('10822190', 250), ('4248575', 238), ('10822386', 236)]",[],0,formal_NN_training/results/base_prefetcher_zoo/residual_audit/events/602.gcc_s-734B.sms.events.csv.gz
602.gcc_s-734B,sandbox,404219,397078,7141,0.017666166112923935,195999,0.4848831945059485,0.9648469036132716,43,0.006021565607057835,7141,0.017666166112923935,0.035153096386728366,203140,1926225,1926225,3542,0.0018388298355591897,0,0.0,"[('4257721', 2732), ('4257546', 1340), ('10822177', 704), ('10822172', 328), ('4257926', 299), ('4248575', 280), ('10798147', 262), ('10822331', 243), ('4257687', 212), ('10822386', 176)]",[],0,formal_NN_training/results/base_prefetcher_zoo/residual_audit/events/602.gcc_s-734B.sandbox.events.csv.gz
602.gcc_s-734B,power7,404219,386913,17306,0.042813425395639496,185829,0.45972356569087547,0.9148054249636941,126,0.007280711891829423,17306,0.042813425395639496,0.08519457503630591,203135,1419281,1419281,38580,0.02718277775859749,0,0.0,"[('4257721', 7940), ('4257546', 4570), ('10822177', 1387), ('10822172', 521), ('10798147', 400), ('4257687', 296), ('10822331', 285), ('4257926', 249), ('10822480', 232), ('4248575', 229)]",[],0,formal_NN_training/results/base_prefetcher_zoo/residual_audit/events/602.gcc_s-734B.power7.events.csv.gz
619.lbm_s-4268B,no_pref,295037,398,294639,0.9986510166521487,0,0.0,0.0,0,0.0,294639,0.9986510166521487,1.0,294639,0,0,0,0.0,0,0.0,"[('4201648', 117754), ('4201986', 35713), ('4202087', 35379), ('4202035', 35300), ('4201795', 23084), ('4201691', 23067), ('4201748', 22991), ('4202048', 334), ('4202100', 281), ('4202061', 192)]",[],0,formal_NN_training/results/base_prefetcher_zoo/residual_audit/events/619.lbm_s-4268B.no_pref.events.csv.gz
619.lbm_s-4268B,stride,295026,67798,227228,0.7701965250520293,67410,0.22848833662117915,0.2287892261011818,15702,0.0691023993521925,227228,0.7701965250520293,0.7712107738988182,294638,174946,174946,3,1.7148148571559222e-05,0,0.0,"[('4201648', 117754), ('4202035', 24153), ('4201986', 22786), ('4202087', 22335), ('4201748', 13112), ('4201795', 12999), ('4201691', 12929), ('4202100', 233), ('4202061', 195), ('4202048', 186)]",[],0,formal_NN_training/results/base_prefetcher_zoo/residual_audit/events/619.lbm_s-4268B.stride.events.csv.gz
619.lbm_s-4268B,streamer,295032,142710,152322,0.5162897583990889,142314,0.48236801431709103,0.4830163320164542,112350,0.7375822271241187,152322,0.5162897583990889,0.5169836679835458,294636,262880,262880,8,3.0432136335970785e-05,0,0.0,"[('4201648', 60776), ('4201986', 25037), ('4202087', 17762), ('4202035', 16837), ('4201691', 15568), ('4201748', 7947), ('4201795', 7476), ('4202061', 162), ('4202100', 133), ('4202048', 112)]",[],0,formal_NN_training/results/base_prefetcher_zoo/residual_audit/events/619.lbm_s-4268B.streamer.events.csv.gz
619.lbm_s-4268B,ampm,295027,236338,58689,0.19892755578303004,235949,0.7997539208275852,0.8008098072889444,24892,0.42413399444529637,58689,0.19892755578303004,0.1991901927110556,294638,1006819,1006819,231128,0.22956261254505528,0,0.0,"[('4201648', 28551), ('4202035', 7788), ('4201986', 6442), ('4202087', 5929), ('4201748', 3845), ('4201691', 2884), ('4201795', 2590), ('4202100', 111), ('4202605', 86), ('4203468', 83)]",[],0,formal_NN_training/results/base_prefetcher_zoo/residual_audit/events/619.lbm_s-4268B.ampm.events.csv.gz
619.lbm_s-4268B,spp,295024,69192,225832,0.765469927870275,68778,0.2331267964640165,0.23345439733885476,63324,0.2804031315314039,225832,0.765469927870275,0.7665456026611452,294610,1906368,1906368,632336,0.331696713331319,0,0.0,"[('4201648', 77268), ('4201986', 29605), ('4202035', 29209), ('4202087', 27945), ('4201748', 20821), ('4201691', 20794), ('4201795', 19141), ('4202100', 204), ('4202048', 178), ('4202061', 166)]",[],0,formal_NN_training/results/base_prefetcher_zoo/residual_audit/events/619.lbm_s-4268B.spp.events.csv.gz
619.lbm_s-4268B,ipcp,295039,396,294643,0.9986578045614308,0,0.0,0.0,0,0.0,294643,0.9986578045614308,1.0,294643,11,11,0,0.0,0,0.0,"[('4201648', 117754), ('4201986', 35712), ('4202087', 35373), ('4202035', 35297), ('4201795', 23084), ('4201691', 23067), ('4201748', 22991), ('4202048', 334), ('4202100', 288), ('4202061', 196)]",[],0,formal_NN_training/results/base_prefetcher_zoo/residual_audit/events/619.lbm_s-4268B.ipcp.events.csv.gz
619.lbm_s-4268B,sms,295545,256323,39222,0.13271075470740495,255931,0.8659628821330085,0.8671129888566269,25285,0.644663709142828,39222,0.13271075470740495,0.1328870111433731,295153,285290,285290,0,0.0,0,0.0,"[('4201648', 19323), ('4202035', 5348), ('4201986', 4389), ('4202087', 4263), ('4201748', 1949), ('4201795', 1580), ('4201691', 1323), ('4203468', 565), ('4202100', 88), ('4202605', 84)]",[],0,formal_NN_training/results/base_prefetcher_zoo/residual_audit/events/619.lbm_s-4268B.sms.events.csv.gz
619.lbm_s-4268B,sandbox,295024,209741,85283,0.28907139758121375,209323,0.7095117685340854,0.7105184551570572,76994,0.9028059519482194,85283,0.28907139758121375,0.28948154484294275,294606,1696544,1696544,448317,0.26425309334741687,0,0.0,"[('4201648', 31860), ('4202035', 16232), ('4201986', 13136), ('4201748', 9112), ('4202087', 7428), ('4201691', 5128), ('4201795', 1639), ('4202061', 148), ('4202048', 106), ('4202100', 98)]",[],0,formal_NN_training/results/base_prefetcher_zoo/residual_audit/events/619.lbm_s-4268B.sandbox.events.csv.gz
619.lbm_s-4268B,power7,295027,160931,134096,0.45452111162707143,160540,0.5441535859429815,0.5448757110468511,76667,0.5717321918625462,134096,0.45452111162707143,0.455124288953149,294636,391461,391461,14277,0.03647106608321136,0,0.0,"[('4201648', 68756), ('4201986', 16363), ('4202035', 14299), ('4202087', 13787), ('4201691', 8252), ('4201748', 6647), ('4201795', 5120), ('4202061', 150), ('4202100', 140), ('4202048', 86)]",[],0,formal_NN_training/results/base_prefetcher_zoo/residual_audit/events/619.lbm_s-4268B.power7.events.csv.gz
605.mcf_s-994B,no_pref,985276,245053,740223,0.7512849191495581,0,0.0,0.0,0,0.0,740223,0.7512849191495581,1.0,740223,0,0,0,0.0,0,0.0,"[('4203599', 423829), ('4203612', 260625), ('4203584', 54454), ('4223045', 621), ('4203590', 227), ('4203587', 221), ('4203614', 141), ('4218147', 33), ('4214720', 24), ('4218177', 12)]",[],0,formal_NN_training/results/base_prefetcher_zoo/residual_audit/events/605.mcf_s-994B.no_pref.events.csv.gz
605.mcf_s-994B,stride,985274,249879,735395,0.7463862844244342,4858,0.004930608135401929,0.0065626211579014205,0,0.0,735395,0.7463862844244342,0.9934373788420986,740253,14393,14393,4,0.0002779128743139026,0,0.0,"[('4203599', 423739), ('4203612', 260725), ('4203584', 49651), ('4223045', 596), ('4203590', 227), ('4203587', 220), ('4203614', 141), ('4218147', 27), ('4214720', 24), ('4218061', 11)]",[],0,formal_NN_training/results/base_prefetcher_zoo/residual_audit/events/605.mcf_s-994B.stride.events.csv.gz
605.mcf_s-994B,streamer,985268,283775,701493,0.711981917610234,93414,0.09481075199844104,0.11751563390434352,17792,0.025363047100968934,701493,0.711981917610234,0.8824843660956565,794907,1061254,1061254,44035,0.04149336539603149,0,0.0,"[('4203599', 422532), ('4203612', 273825), ('4203584', 3980), ('4203590', 390), ('4203587', 377), ('4203614', 235), ('4223045', 61), ('4218147', 49), ('4214720', 36), ('4218115', 2)]",[],0,formal_NN_training/results/base_prefetcher_zoo/residual_audit/events/605.mcf_s-994B.streamer.events.csv.gz
605.mcf_s-994B,ampm,985273,298183,687090,0.6973600210297044,59074,0.059956986540786156,0.07917026283766035,1267,0.0018440087906969975,687090,0.6973600210297044,0.9208297371623396,746164,298378,298378,601,0.002014223568761772,0,0.0,"[('4203599', 422162), ('4203612', 261424), ('4203584', 2750), ('4203590', 236), ('4203587', 228), ('4203614', 143), ('4223045', 42), ('4218147', 32), ('4214720', 25), ('4218061', 12)]",[],0,formal_NN_training/results/base_prefetcher_zoo/residual_audit/events/605.mcf_s-994B.ampm.events.csv.gz
605.mcf_s-994B,spp,985273,249867,735406,0.7463982063854383,5221,0.005299038946566079,0.007049432440351216,1105,0.0015025713687405325,735406,0.7463982063854383,0.9929505675596488,740627,363575,363575,3443,0.009469848036856219,0,0.0,"[('4203599', 423109), ('4203612', 260944), ('4203584', 50104), ('4223045', 556), ('4203590', 227), ('4203587', 221), ('4203614', 139), ('4218147', 33), ('4214720', 24), ('4218177', 13)]",[],0,formal_NN_training/results/base_prefetcher_zoo/residual_audit/events/605.mcf_s-994B.spp.events.csv.gz
605.mcf_s-994B,ipcp,985276,245053,740223,0.7512849191495581,0,0.0,0.0,0,0.0,740223,0.7512849191495581,1.0,740223,3,3,0,0.0,0,0.0,"[('4203599', 423829), ('4203612', 260625), ('4203584', 54454), ('4223045', 621), ('4203590', 227), ('4203587', 221), ('4203614', 141), ('4218147', 33), ('4214720', 24), ('4218177', 12)]",[],0,formal_NN_training/results/base_prefetcher_zoo/residual_audit/events/605.mcf_s-994B.ipcp.events.csv.gz
605.mcf_s-994B,sms,985312,303082,682230,0.6923999707706797,99548,0.10103195739014648,0.12733538165566183,57629,0.08447151253975932,682230,0.6923999707706797,0.8726646183443382,781778,765510,765510,0,0.0,0,0.0,"[('4203599', 411826), ('4203612', 263282), ('4203584', 6108), ('4203590', 346), ('4203587', 320), ('4203614', 166), ('4223045', 100), ('4214720', 27), ('4218147', 14), ('4218177', 11)]",[],0,formal_NN_training/results/base_prefetcher_zoo/residual_audit/events/605.mcf_s-994B.sms.events.csv.gz
605.mcf_s-994B,sandbox,1130709,271027,859682,0.7603034909954728,209589,0.1853606896204063,0.19601111411419556,133738,0.15556682587282275,859682,0.7603034909954728,0.8039888858858044,1069271,9261364,9261364,960875,0.10375091617174317,0,0.0,"[('4203599', 502977), ('4203612', 352239), ('4203590', 1550), ('4203584', 1386), ('4203587', 880), ('4203614', 492), ('4214720', 97), ('4218147', 39), ('4223045', 14), ('4218115', 3)]",[],0,formal_NN_training/results/base_prefetcher_zoo/residual_audit/events/605.mcf_s-994B.sandbox.events.csv.gz
605.mcf_s-994B,power7,985411,269416,715995,0.7265952988144033,77025,0.07816535435468043,0.09712869788908224,17367,0.024255755975949554,715995,0.7265952988144033,0.9028713021109177,793020,975958,975958,53320,0.05463349857268448,0,0.0,"[('4203599', 425729), ('4203612', 275778), ('4203584', 13335), ('4203590', 390), ('4203587', 368), ('4203614', 228), ('4223045', 79), ('4218147', 37), ('4214720', 34), ('4218177', 8)]",[],0,formal_NN_training/results/base_prefetcher_zoo/residual_audit/events/605.mcf_s-994B.power7.events.csv.gz
620.omnetpp_s-874B,no_pref,451398,134844,316554,0.7012747065782303,0,0.0,0.0,0,0.0,316554,0.7012747065782303,1.0,316554,0,0,0,0.0,0,0.0,"[('4657997', 25312), ('4658001', 21862), ('4657981', 16107), ('5518024', 11636), ('5152705', 11504), ('5618451', 10456), ('5152793', 9758), ('5574648', 8844), ('5570300', 8836), ('5570203', 7410)]",[],0,formal_NN_training/results/base_prefetcher_zoo/residual_audit/events/620.omnetpp_s-874B.no_pref.events.csv.gz
620.omnetpp_s-874B,stride,451396,137702,313694,0.69494191353047,2991,0.006626110997882126,0.009444716358526612,0,0.0,313694,0.69494191353047,0.9905552836414734,316685,9896,9896,1,0.00010105092966855295,0,0.0,"[('4657997', 25327), ('4658001', 21886), ('4657981', 16122), ('5518024', 11636), ('5152705', 11501), ('5618451', 10456), ('5152793', 9758), ('5570300', 8835), ('5574648', 8835), ('5570203', 7402)]",[],0,formal_NN_training/results/base_prefetcher_zoo/residual_audit/events/620.omnetpp_s-874B.stride.events.csv.gz
620.omnetpp_s-874B,streamer,451360,173082,278278,0.6165322580645162,52592,0.11651896490606169,0.15895064526853447,1942,0.006978632877913453,278278,0.6165322580645162,0.8410493547314656,330870,378952,378952,48338,0.12755705208047458,0,0.0,"[('4657997', 27735), ('4658001', 24056), ('4657981', 15331), ('5518024', 11635), ('5618451', 10459), ('5570300', 9157), ('5574648', 6070), ('4288249', 6007), ('4711892', 5954), ('6440345', 5686)]",[],0,formal_NN_training/results/base_prefetcher_zoo/residual_audit/events/620.omnetpp_s-874B.streamer.events.csv.gz
620.omnetpp_s-874B,ampm,451359,151305,300054,0.6647790339840349,22176,0.04913162250004985,0.0688204077832604,880,0.002932805428356229,300054,0.6647790339840349,0.9311795922167396,322230,158198,158198,10386,0.06565190457527909,0,0.0,"[('4657997', 26296), ('4658001', 22741), ('4657981', 15339), ('5518024', 11635), ('5618451', 10457), ('5570300', 9010), ('5574648', 8612), ('5570203', 7298), ('5152793', 6882), ('5152705', 6550)]",[],0,formal_NN_training/results/base_prefetcher_zoo/residual_audit/events/620.omnetpp_s-874B.ampm.events.csv.gz
620.omnetpp_s-874B,spp,451389,135042,316347,0.7008301044110512,50,0.00011076920350296529,0.0001580293112766556,13,4.1094115006622474e-05,316347,0.7008301044110512,0.9998419706887234,316397,90145,90145,2129,0.023617505130622884,0,0.0,"[('4657997', 25317), ('4658001', 21869), ('4657981', 15965), ('5518024', 11636), ('5152705', 11503), ('5618451', 10456), ('5152793', 9750), ('5574648', 8843), ('5570300', 8842), ('5570203', 7404)]",[],0,formal_NN_training/results/base_prefetcher_zoo/residual_audit/events/620.omnetpp_s-874B.spp.events.csv.gz
620.omnetpp_s-874B,ipcp,451406,136272,315134,0.6981165513971901,2150,0.004762896372666734,0.006776263536768321,292,0.0009265899585573121,315134,0.6981165513971901,0.9932237364632317,317284,14185,14185,0,0.0,0,0.0,"[('4657997', 25429), ('4658001', 21976), ('4657981', 16220), ('5518024', 11636), ('5152705', 11502), ('5618451', 10455), ('5152793', 9758), ('5574648', 8873), ('5570300', 8864), ('5570203', 7424)]",[],0,formal_NN_training/results/base_prefetcher_zoo/residual_audit/events/620.omnetpp_s-874B.ipcp.events.csv.gz
620.omnetpp_s-874B,sms,451284,205042,246242,0.5456475301583925,90340,0.20018436284025137,0.2684041333166955,1934,0.007854062263951722,246242,0.5456475301583925,0.7315958666833046,336582,412799,412799,0,0.0,0,0.0,"[('4657997', 28792), ('4658001', 24804), ('4657981', 14840), ('5618451', 10446), ('5518024', 10390), ('5570300', 6902), ('5152705', 6752), ('4288249', 5947), ('5152793', 5893), ('4312193', 5488)]",[],0,formal_NN_training/results/base_prefetcher_zoo/residual_audit/events/620.omnetpp_s-874B.sms.events.csv.gz
620.omnetpp_s-874B,sandbox,466225,213659,252566,0.5417255616923159,161570,0.34654941283714946,0.39013753935905116,8884,0.03517496416778189,252566,0.5417255616923159,0.6098624606409488,414136,4271882,4271882,530053,0.12407950406869853,0,0.0,"[('4658001', 45394), ('4657997', 39704), ('4657981', 13080), ('5518024', 11549), ('5618451', 10465), ('5570300', 9838), ('4312193', 5804), ('4288249', 5543), ('6440345', 4601), ('6430231', 4154)]",[],0,formal_NN_training/results/base_prefetcher_zoo/residual_audit/events/620.omnetpp_s-874B.sandbox.events.csv.gz
620.omnetpp_s-874B,power7,451341,172410,278931,0.6180050117317062,52554,0.11643967643090258,0.15854111045748676,2005,0.007188157644722171,278931,0.6180050117317062,0.8414588895425132,331485,404526,404526,55098,0.13620385339879265,0,0.0,"[('4657997', 27844), ('4658001', 24154), ('4657981', 15350), ('5518024', 11634), ('5618451', 10459), ('5570300', 9185), ('5574648', 6147), ('4711892', 5961), ('4288249', 5956), ('6440345', 5689)]",[],0,formal_NN_training/results/base_prefetcher_zoo/residual_audit/events/620.omnetpp_s-874B.power7.events.csv.gz
623.xalancbmk_s-700B,no_pref,1218494,768144,450350,0.36959558274394455,0,0.0,0.0,0,0.0,450350,0.36959558274394455,1.0,450350,0,0,0,0.0,0,0.0,"[('6524608', 164756), ('6524605', 140446), ('6524625', 44906), ('6524592', 35214), ('6605932', 15733), ('6523942', 1518), ('8066264', 1465), ('6611350', 1332), ('8073290', 1195), ('4817889', 814)]",[],0,formal_NN_training/results/base_prefetcher_zoo/residual_audit/events/623.xalancbmk_s-700B.no_pref.events.csv.gz
623.xalancbmk_s-700B,stride,1218495,770208,448287,0.36790220723105144,2119,0.0017390305253612037,0.004704644254295014,7486,0.01669912355254558,448287,0.36790220723105144,0.9952953557457049,450406,166147,166147,29686,0.17867310273432563,0,0.0,"[('6524608', 164888), ('6524605', 140524), ('6524625', 44999), ('6524592', 35217), ('6605932', 13895), ('6523942', 1517), ('8066264', 1466), ('6611350', 1332), ('8073290', 1195), ('4817889', 814)]",[],0,formal_NN_training/results/base_prefetcher_zoo/residual_audit/events/623.xalancbmk_s-700B.stride.events.csv.gz
623.xalancbmk_s-700B,streamer,1218352,488111,730241,0.5993678345831089,49555,0.04067379542201269,0.06354867170388152,6635,0.009086041457546207,730241,0.5993678345831089,0.9364513282961184,779796,1303747,1303747,221023,0.16952905740147436,0,0.0,"[('6524608', 278110), ('6524605', 245732), ('6524625', 71135), ('6524592', 57651), ('6605932', 4473), ('8066264', 2075), ('8073290', 1751), ('6523942', 1368), ('6611350', 1234), ('4817889', 1234)]",[],0,formal_NN_training/results/base_prefetcher_zoo/residual_audit/events/623.xalancbmk_s-700B.streamer.events.csv.gz
623.xalancbmk_s-700B,ampm,1218334,712563,505771,0.4151332885727559,22845,0.018751015731318342,0.0432166260574784,3240,0.006406061241154594,505771,0.4151332885727559,0.9567833739425216,528616,500930,500930,76605,0.15292555846126205,0,0.0,"[('6524608', 192643), ('6524605', 165574), ('6524625', 50365), ('6524592', 40156), ('6605932', 3116), ('8066264', 1740), ('6523942', 1466), ('6611350', 1279), ('8073290', 1274), ('4817889', 932)]",[],0,formal_NN_training/results/base_prefetcher_zoo/residual_audit/events/623.xalancbmk_s-700B.ampm.events.csv.gz
623.xalancbmk_s-700B,spp,1218483,778851,439632,0.36080273586090245,1140,0.000935589581471387,0.002586371185102502,1852,0.004212614186410452,439632,0.36080273586090245,0.9974136288148975,440772,804305,804305,42036,0.05226375566482864,0,0.0,"[('6524608', 161006), ('6524605', 136984), ('6524625', 43468), ('6524592', 34145), ('6605932', 15348), ('6523942', 1516), ('8066264', 1472), ('6611350', 1316), ('8073290', 1203), ('4817889', 806)]",[],0,formal_NN_training/results/base_prefetcher_zoo/residual_audit/events/623.xalancbmk_s-700B.spp.events.csv.gz
623.xalancbmk_s-700B,ipcp,1218487,757297,461190,0.37849398475322266,2858,0.002345531794758582,0.006158845636658277,80,0.00017346429887898698,461190,0.37849398475322266,0.9938411543633417,464048,59386,59386,0,0.0,0,0.0,"[('6524608', 169697), ('6524605', 145276), ('6524625', 46125), ('6524592', 36607), ('6605932', 16331), ('8066264', 1454), ('6523942', 1430), ('6611350', 1261), ('8073290', 1215), ('4817889', 814)]",[],0,formal_NN_training/results/base_prefetcher_zoo/residual_audit/events/623.xalancbmk_s-700B.ipcp.events.csv.gz
623.xalancbmk_s-700B,sms,1218827,562205,656622,0.5387327323730111,124113,0.10182987413308041,0.15896943265000288,10936,0.01665493998068904,656622,0.5387327323730111,0.8410305673499971,780735,894555,894555,0,0.0,0,0.0,"[('6524608', 250667), ('6524605', 219960), ('6524625', 62700), ('6524592', 49683), ('6605932', 19189), ('8066264', 1734), ('8073290', 1725), ('6611350', 1316), ('6523942', 1245), ('4221872', 960)]",[],0,formal_NN_training/results/base_prefetcher_zoo/residual_audit/events/623.xalancbmk_s-700B.sms.events.csv.gz
623.xalancbmk_s-700B,sandbox,1218513,618504,600009,0.4924108318910016,368129,0.30211331352230136,0.3802443453309342,23387,0.038977748667103324,600009,0.4924108318910016,0.6197556546690658,968138,8210756,8210756,1248937,0.15210986661885945,0,0.0,"[('6524608', 229003), ('6524605', 201826), ('6524625', 57452), ('6524592', 45881), ('6605932', 6129), ('8073290', 1965), ('8066264', 1697), ('4817889', 1265), ('4221872', 1096), ('4221911', 916)]",[],0,formal_NN_training/results/base_prefetcher_zoo/residual_audit/events/623.xalancbmk_s-700B.sandbox.events.csv.gz
623.xalancbmk_s-700B,power7,1218439,602971,615468,0.5051282829915983,27781,0.02280048488270648,0.043188563060339,7360,0.01195837963955884,615468,0.5051282829915983,0.956811436939661,643249,720657,720657,120576,0.16731399264837502,0,0.0,"[('6524608', 231375), ('6524605', 201139), ('6524625', 60233), ('6524592', 48487), ('6605932', 10183), ('8066264', 1940), ('8073290', 1541), ('6523942', 1407), ('6611350', 1255), ('4817889', 1055)]",[],0,formal_NN_training/results/base_prefetcher_zoo/residual_audit/events/623.xalancbmk_s-700B.power7.events.csv.gz
