trace,prefetcher,behavior_ipc,behavior_speedup_vs_no_pref,behavior_l2_loads,behavior_l2_load_miss,behavior_l2_load_miss_rate,behavior_miss_reduction_vs_no_pref,behavior_pf_requested,behavior_pf_dropped,behavior_pf_issued,behavior_nodup_issued,behavior_pf_filled,behavior_pf_useful,behavior_pf_useless,behavior_pf_late,behavior_pq_merged_duplicate_proxy,behavior_accuracy,behavior_nodup_accuracy,behavior_selected_accuracy,behavior_timeliness,behavior_late_per_issued,behavior_drop_rate,behavior_useless_per_issued,behavior_run_failed,behavior_fail_reason,behavior_log_missing,behavior_log,residual_demand,residual_demand_hit,residual_demand_miss,residual_demand_miss_rate,residual_covered_on_time,residual_covered_on_time_rate,residual_coverage_among_misses,residual_late_prefetch,residual_late_rate_among_misses,residual_residual_miss,residual_residual_miss_rate,residual_residual_share_of_misses,residual_original_miss_pool,residual_pf_requested_events,residual_pf_accepted_events,residual_pf_duplicate_events,residual_pf_duplicate_rate,residual_event_file,has_residual_audit
602.gcc_s-734B,no_pref,0.368,1.0,404219,203131,0.502527095460629,0.0,0,0,0,0,0,0,0,0,0,0.0,0.0,0.0,0.0,0.0,0.0,0.0,0,,0,/home/qianruw/cache/formal_NN_training/results/base_prefetcher_zoo/behavior_audit/logs/602.gcc_s-734B.no_pref.log,404219,201088,203131,0.502527095460629,0,0.0,0.0,0,0.0,203131,0.502527095460629,1.0,203131,0,0,0,0.0,formal_NN_training/results/base_prefetcher_zoo/residual_audit/events/602.gcc_s-734B.no_pref.events.csv.gz,1
602.gcc_s-734B,stride,0.37006,1.0055978260869565,404219,168277,0.41630155930324897,0.1715838547538288,267553,0,267553,267553,71723,70694,1023,168,0,0.2642242845342792,0.2642242845342792,0.2642242845342792,0.997629194772939,0.0006279129742518305,0.0,0.003823541503926325,0,,0,/home/qianruw/cache/formal_NN_training/results/base_prefetcher_zoo/behavior_audit/logs/602.gcc_s-734B.stride.log,404219,235942,168277,0.41630155930324897,34854,0.08622553615738003,0.1715838547538288,164,0.0009745835735127201,168277,0.41630155930324897,0.8284161452461712,203131,122156,122156,0,0.0,formal_NN_training/results/base_prefetcher_zoo/residual_audit/events/602.gcc_s-734B.stride.events.csv.gz,1
602.gcc_s-734B,streamer,0.43161,1.1728532608695652,404219,15475,0.03828370264633775,0.9238176349252453,3623513,0,3623513,3620275,392083,375582,16394,49,3238,0.1036513460832071,0.10374405259268978,0.10374405259268978,0.999869552832434,1.3522788520422033e-05,0.0,0.004524338673546915,0,,0,/home/qianruw/cache/formal_NN_training/results/base_prefetcher_zoo/behavior_audit/logs/602.gcc_s-734B.streamer.log,404219,388744,15475,0.03828370264633775,187663,0.4642607101595917,0.923820260118737,47,0.003037156704361874,15475,0.03828370264633775,0.07617973988126299,203138,1808879,1808879,847,0.00046824580306366537,formal_NN_training/results/base_prefetcher_zoo/residual_audit/events/602.gcc_s-734B.streamer.events.csv.gz,1
602.gcc_s-734B,ampm,0.43069,1.1703532608695653,404219,17032,0.0421355750224507,0.9161526305684509,2846050,0,2846050,2844277,385815,373090,12600,604,1773,0.13109045870592576,0.13117217486201238,0.13117217486201238,0.998383704314225,0.00021222395952284745,0.0,0.004427188559582579,0,,0,/home/qianruw/cache/formal_NN_training/results/base_prefetcher_zoo/behavior_audit/logs/602.gcc_s-734B.ampm.log,404219,387187,17032,0.0421355750224507,186100,0.4603939943446498,0.9161530433412757,600,0.035227806481916396,17032,0.0421355750224507,0.08384695665872438,203132,1424170,1424170,1015,0.000712695815808506,formal_NN_training/results/base_prefetcher_zoo/residual_audit/events/602.gcc_s-734B.ampm.events.csv.gz,1
602.gcc_s-734B,spp,0.42836,1.1640217391304348,404219,70873,0.1753331733540482,0.6510970752863915,4491857,0,4491857,4485769,266257,265086,1162,387,6088,0.05901479054208538,0.0590948842885133,0.0590948842885133,0.9985422246330136,8.615590389453626e-05,0.0,0.00025869033675827166,0,,0,/home/qianruw/cache/formal_NN_training/results/base_prefetcher_zoo/behavior_audit/logs/602.gcc_s-734B.spp.log,404219,333346,70873,0.1753331733540482,132253,0.3271815525742234,0.6510884869489874,384,0.005418142310894135,70873,0.1753331733540482,0.34891151305101265,203126,2254525,2254525,1846,0.0008187977511892749,formal_NN_training/results/base_prefetcher_zoo/residual_audit/events/602.gcc_s-734B.spp.events.csv.gz,1
602.gcc_s-734B,ipcp,0.36796,0.9998913043478261,404219,203131,0.502527095460629,0.0,188,0,188,188,120,46,74,4,0,0.24468085106382978,0.24468085106382978,0.24468085106382978,0.92,0.02127659574468085,0.0,0.39361702127659576,0,,0,/home/qianruw/cache/formal_NN_training/results/base_prefetcher_zoo/behavior_audit/logs/602.gcc_s-734B.ipcp.log,404219,201088,203131,0.502527095460629,0,0.0,0.0,1,4.92293150725394e-06,203131,0.502527095460629,1.0,203131,2,2,0,0.0,formal_NN_training/results/base_prefetcher_zoo/residual_audit/events/602.gcc_s-734B.ipcp.events.csv.gz,1
602.gcc_s-734B,sms,0.42213,1.1470923913043478,404219,41169,0.10184825552485163,0.7973278327778626,696706,0,696706,696706,343138,319593,23409,200,0,0.45872003398851163,0.45872003398851163,0.45872003398851163,0.9993745954414262,0.00028706513220784664,0.0,0.03359953839926741,0,,0,/home/qianruw/cache/formal_NN_training/results/base_prefetcher_zoo/behavior_audit/logs/602.gcc_s-734B.sms.log,404219,363050,41169,0.10184825552485163,161972,0.4007035790004923,0.7973378096986822,173,0.004202190968932935,41169,0.10184825552485163,0.2026621903013178,203141,343446,343446,0,0.0,formal_NN_training/results/base_prefetcher_zoo/residual_audit/events/602.gcc_s-734B.sms.events.csv.gz,1
602.gcc_s-734B,sandbox,0.43628,1.1855434782608696,404219,7141,0.017666166112923935,0.9648453461066996,3839474,0,3839474,3830425,422799,390102,32524,59,9049,0.10160297999153009,0.10184300697703258,0.10184300697703258,0.999848780375281,1.5366688249484173e-05,0.0,0.008470952010613955,0,,0,/home/qianruw/cache/formal_NN_training/results/base_prefetcher_zoo/behavior_audit/logs/602.gcc_s-734B.sandbox.log,404219,397078,7141,0.017666166112923935,195999,0.4848831945059485,0.9648469036132716,43,0.006021565607057835,7141,0.017666166112923935,0.035153096386728366,203140,1926225,1926225,3542,0.0018388298355591897,formal_NN_training/results/base_prefetcher_zoo/residual_audit/events/602.gcc_s-734B.sandbox.events.csv.gz,1
602.gcc_s-734B,power7,0.43075,1.1705163043478262,404219,17306,0.042813425395639496,0.9148037473354633,3304558,0,3304558,3162983,386269,372751,13449,128,141575,0.1127990490710104,0.11784793026076966,0.11784793026076966,0.9996567251038541,3.873437839493209e-05,0.0,0.0040698332424487635,0,,0,/home/qianruw/cache/formal_NN_training/results/base_prefetcher_zoo/behavior_audit/logs/602.gcc_s-734B.power7.log,404219,386913,17306,0.042813425395639496,185829,0.45972356569087547,0.9148054249636941,126,0.007280711891829423,17306,0.042813425395639496,0.08519457503630591,203135,1419281,1419281,38580,0.02718277775859749,formal_NN_training/results/base_prefetcher_zoo/residual_audit/events/602.gcc_s-734B.power7.events.csv.gz,1
619.lbm_s-4268B,no_pref,0.322,1.0,295037,294639,0.9986510166521487,0.0,0,0,0,0,0,0,0,0,0,0.0,0.0,0.0,0.0,0.0,0.0,0.0,0,,0,/home/qianruw/cache/formal_NN_training/results/base_prefetcher_zoo/behavior_audit/logs/619.lbm_s-4268B.no_pref.log,295037,398,294639,0.9986510166521487,0,0.0,0.0,0,0.0,294639,0.9986510166521487,1.0,294639,0,0,0,0.0,formal_NN_training/results/base_prefetcher_zoo/residual_audit/events/619.lbm_s-4268B.no_pref.events.csv.gz,1
619.lbm_s-4268B,stride,0.32465,1.0082298136645962,295026,227228,0.7701965250520293,0.2287918435780735,350381,0,350381,350375,150816,150814,0,15702,6,0.43042859059138483,0.43043596146985375,0.43043596146985375,0.9057027552907828,0.04481407382249608,0.0,0.0,0,,0,/home/qianruw/cache/formal_NN_training/results/base_prefetcher_zoo/behavior_audit/logs/619.lbm_s-4268B.stride.log,295026,67798,227228,0.7701965250520293,67410,0.22848833662117915,0.2287892261011818,15702,0.0691023993521925,227228,0.7701965250520293,0.7712107738988182,294638,174946,174946,3,1.7148148571559222e-05,formal_NN_training/results/base_prefetcher_zoo/residual_audit/events/619.lbm_s-4268B.stride.events.csv.gz,1
619.lbm_s-4268B,streamer,0.36368,1.12944099378882,295032,152322,0.5162897583990889,0.48302159591907384,524800,0,524800,524667,402791,401794,990,112603,133,0.7656135670731707,0.7658076456114069,0.7658076456114069,0.7810970903796095,0.21456364329268293,0.0,0.0018864329268292682,0,,0,/home/qianruw/cache/formal_NN_training/results/base_prefetcher_zoo/behavior_audit/logs/619.lbm_s-4268B.streamer.log,295032,142710,152322,0.5162897583990889,142314,0.48236801431709103,0.4830163320164542,112350,0.7375822271241187,152322,0.5162897583990889,0.5169836679835458,294636,262880,262880,8,3.0432136335970785e-05,formal_NN_training/results/base_prefetcher_zoo/residual_audit/events/619.lbm_s-4268B.streamer.events.csv.gz,1
619.lbm_s-4268B,ampm,0.3748,1.1639751552795032,295027,58689,0.19892755578303004,0.8008104833372364,2008610,0,2008610,1517402,496725,496363,348,25272,491208,0.24711765848024256,0.3271137114620911,0.3271137114620911,0.9515523306526594,0.012581835199466297,0.0,0.00017325414092332508,0,,0,/home/qianruw/cache/formal_NN_training/results/base_prefetcher_zoo/behavior_audit/logs/619.lbm_s-4268B.ampm.log,295027,236338,58689,0.19892755578303004,235949,0.7997539208275852,0.8008098072889444,24892,0.42413399444529637,58689,0.19892755578303004,0.1991901927110556,294638,1006819,1006819,231128,0.22956261254505528,formal_NN_training/results/base_prefetcher_zoo/residual_audit/events/619.lbm_s-4268B.ampm.events.csv.gz,1
619.lbm_s-4268B,spp,0.37933,1.1780434782608695,295024,225832,0.765469927870275,0.23352984499675875,3804639,0,3804639,2314384,190672,190662,10,65229,1490255,0.05011303306305802,0.08238131615151159,0.08238131615151159,0.7450906831424318,0.01714459637300674,0.0,2.62837026062131e-06,0,,0,/home/qianruw/cache/formal_NN_training/results/base_prefetcher_zoo/behavior_audit/logs/619.lbm_s-4268B.spp.log,295024,69192,225832,0.765469927870275,68778,0.2331267964640165,0.23345439733885476,63324,0.2804031315314039,225832,0.765469927870275,0.7665456026611452,294610,1906368,1906368,632336,0.331696713331319,formal_NN_training/results/base_prefetcher_zoo/residual_audit/events/619.lbm_s-4268B.spp.events.csv.gz,1
619.lbm_s-4268B,ipcp,0.322,1.0,295039,294643,0.9986578045614308,-1.3575935297092374e-05,81,0,81,81,10,7,3,1,0,0.08641975308641975,0.08641975308641975,0.08641975308641975,0.875,0.012345679012345678,0.0,0.037037037037037035,0,,0,/home/qianruw/cache/formal_NN_training/results/base_prefetcher_zoo/behavior_audit/logs/619.lbm_s-4268B.ipcp.log,295039,396,294643,0.9986578045614308,0,0.0,0.0,0,0.0,294643,0.9986578045614308,1.0,294643,11,11,0,0.0,formal_NN_training/results/base_prefetcher_zoo/residual_audit/events/619.lbm_s-4268B.ipcp.events.csv.gz,1
619.lbm_s-4268B,sms,0.38105,1.183385093167702,295028,38705,0.13119093780929267,0.86863585608151,568017,0,568017,568017,535220,535130,84,26099,0,0.9421020849728089,0.9421020849728089,0.9421020849728089,0.9534967009901484,0.04594756847066197,0.0,0.0001478828978710144,0,,0,/home/qianruw/cache/formal_NN_training/results/base_prefetcher_zoo/behavior_audit/logs/619.lbm_s-4268B.sms.log,295545,256323,39222,0.13271075470740495,255931,0.8659628821330085,0.8671129888566269,25285,0.644663709142828,39222,0.13271075470740495,0.1328870111433731,295153,285290,285290,0,0.0,formal_NN_training/results/base_prefetcher_zoo/residual_audit/events/619.lbm_s-4268B.sms.events.csv.gz,1
619.lbm_s-4268B,sandbox,0.3744,1.1627329192546585,295024,85283,0.28907139758121375,0.7105508775145177,3352602,0,3352602,2335419,489356,488051,1296,77378,1017183,0.14557379611418236,0.20897791788111683,0.20897791788111683,0.8631516954383309,0.023079983845383376,0.0,0.00038656541993353224,0,,0,/home/qianruw/cache/formal_NN_training/results/base_prefetcher_zoo/behavior_audit/logs/619.lbm_s-4268B.sandbox.log,295024,209741,85283,0.28907139758121375,209323,0.7095117685340854,0.7105184551570572,76994,0.9028059519482194,85283,0.28907139758121375,0.28948154484294275,294606,1696544,1696544,448317,0.26425309334741687,formal_NN_training/results/base_prefetcher_zoo/residual_audit/events/619.lbm_s-4268B.sandbox.events.csv.gz,1
619.lbm_s-4268B,power7,0.36128,1.1219875776397514,295027,134096,0.45452111162707143,0.5448803451002753,615642,0,615642,599811,369761,368891,862,76926,15831,0.5991972607456931,0.6150120621329052,0.6150120621329052,0.8274493794539015,0.124952488621634,0.0,0.0014001643812475433,0,,0,/home/qianruw/cache/formal_NN_training/results/base_prefetcher_zoo/behavior_audit/logs/619.lbm_s-4268B.power7.log,295027,160931,134096,0.45452111162707143,160540,0.5441535859429815,0.5448757110468511,76667,0.5717321918625462,134096,0.45452111162707143,0.455124288953149,294636,391461,391461,14277,0.03647106608321136,formal_NN_training/results/base_prefetcher_zoo/residual_audit/events/619.lbm_s-4268B.power7.events.csv.gz,1
605.mcf_s-994B,no_pref,0.18318,1.0,985276,740223,0.7512849191495581,0.0,0,0,0,0,0,0,0,0,0,0.0,0.0,0.0,0.0,0.0,0.0,0.0,0,,0,/home/qianruw/cache/formal_NN_training/results/base_prefetcher_zoo/behavior_audit/logs/605.mcf_s-994B.no_pref.log,985276,245053,740223,0.7512849191495581,0,0.0,0.0,0,0.0,740223,0.7512849191495581,1.0,740223,0,0,0,0.0,formal_NN_training/results/base_prefetcher_zoo/residual_audit/events/605.mcf_s-994B.no_pref.events.csv.gz,1
605.mcf_s-994B,stride,0.18359,1.0022382356152417,985274,735395,0.7463862844244342,0.006522358802685137,25125,0,25125,25121,7762,7595,167,1,4,0.30228855721393033,0.3023366904183751,0.3023366904183751,0.9998683517640864,3.980099502487562e-05,0.0,0.006646766169154229,0,,0,/home/qianruw/cache/formal_NN_training/results/base_prefetcher_zoo/behavior_audit/logs/605.mcf_s-994B.stride.log,985274,249879,735395,0.7463862844244342,4858,0.004930608135401929,0.0065626211579014205,0,0.0,735395,0.7463862844244342,0.9934373788420986,740253,14393,14393,4,0.0002779128743139026,formal_NN_training/results/base_prefetcher_zoo/residual_audit/events/605.mcf_s-994B.stride.events.csv.gz,1
605.mcf_s-994B,streamer,0.1835,1.00174691560214,985268,701493,0.711981917610234,0.052322070511183795,1775122,0,1775122,1687533,842607,154695,686999,18210,87589,0.0871461229143687,0.0916693184666611,0.0916693184666611,0.8946820508371649,0.010258449841757356,0.0,0.38701508966707643,0,,0,/home/qianruw/cache/formal_NN_training/results/base_prefetcher_zoo/behavior_audit/logs/605.mcf_s-994B.streamer.log,985268,283775,701493,0.711981917610234,93414,0.09481075199844104,0.11751563390434352,17792,0.025363047100968934,701493,0.711981917610234,0.8824843660956565,794907,1061254,1061254,44035,0.04149336539603149,formal_NN_training/results/base_prefetcher_zoo/residual_audit/events/605.mcf_s-994B.streamer.events.csv.gz,1
605.mcf_s-994B,ampm,0.18874,1.0303526585871818,985273,687090,0.6973600210297044,0.07177972043559847,509840,0,509840,508759,149168,90495,58586,1305,1081,0.17749686176055232,0.1778740032117368,0.1778740032117368,0.9857843137254902,0.002559626549505727,0.0,0.1149105601757414,0,,0,/home/qianruw/cache/formal_NN_training/results/base_prefetcher_zoo/behavior_audit/logs/605.mcf_s-994B.ampm.log,985273,298183,687090,0.6973600210297044,59074,0.059956986540786156,0.07917026283766035,1267,0.0018440087906969975,687090,0.6973600210297044,0.9208297371623396,746164,298378,298378,601,0.002014223568761772,formal_NN_training/results/base_prefetcher_zoo/residual_audit/events/605.mcf_s-994B.ampm.events.csv.gz,1
605.mcf_s-994B,spp,0.18874,1.0303526585871818,985273,735406,0.7463982063854383,0.006507498416017876,710459,0,710459,705508,19585,14384,5178,1257,4951,0.020246066275464172,0.02038814584668069,0.02038814584668069,0.9196342944824499,0.0017692787338889366,0.0,0.007288246049384975,0,,0,/home/qianruw/cache/formal_NN_training/results/base_prefetcher_zoo/behavior_audit/logs/605.mcf_s-994B.spp.log,985273,249867,735406,0.7463982063854383,5221,0.005299038946566079,0.007049432440351216,1105,0.0015025713687405325,735406,0.7463982063854383,0.9929505675596488,740627,363575,363575,3443,0.009469848036856219,formal_NN_training/results/base_prefetcher_zoo/residual_audit/events/605.mcf_s-994B.spp.events.csv.gz,1
605.mcf_s-994B,ipcp,0.18318,1.0,985276,740223,0.7512849191495581,0.0,88,0,88,88,42,26,16,16,0,0.29545454545454547,0.29545454545454547,0.29545454545454547,0.6190476190476191,0.18181818181818182,0.0,0.18181818181818182,0,,0,/home/qianruw/cache/formal_NN_training/results/base_prefetcher_zoo/behavior_audit/logs/605.mcf_s-994B.ipcp.log,985276,245053,740223,0.7512849191495581,0,0.0,0.0,0,0.0,740223,0.7512849191495581,1.0,740223,3,3,0,0.0,formal_NN_training/results/base_prefetcher_zoo/residual_audit/events/605.mcf_s-994B.ipcp.events.csv.gz,1
605.mcf_s-994B,sms,0.18777,1.0250573206681952,985269,682187,0.6923865462122527,0.07840340005646947,1287553,60,1287493,1287493,893091,256319,635113,61126,0,0.19908380084396576,0.19908380084396576,0.19908380084396576,0.8074438091637921,0.04747676298045892,4.6600023455345137e-05,0.49329433247404064,0,,0,/home/qianruw/cache/formal_NN_training/results/base_prefetcher_zoo/behavior_audit/logs/605.mcf_s-994B.sms.log,985312,303082,682230,0.6923999707706797,99548,0.10103195739014648,0.12733538165566183,57629,0.08447151253975932,682230,0.6923999707706797,0.8726646183443382,781778,765510,765510,0,0.0,formal_NN_training/results/base_prefetcher_zoo/residual_audit/events/605.mcf_s-994B.sms.events.csv.gz,1
605.mcf_s-994B,sandbox,0.16905,0.9228627579430069,985257,714230,0.7249174580845403,0.035115093694737934,15930213,428375,15501838,13238296,7641216,449411,7188334,139527,2263542,0.0289908203143395,0.033947798115407,0.033947798115407,0.7630871161310698,0.009000674629679397,0.026890726445402833,0.46370849701822453,0,,0,/home/qianruw/cache/formal_NN_training/results/base_prefetcher_zoo/behavior_audit/logs/605.mcf_s-994B.sandbox.log,1130709,271027,859682,0.7603034909954728,209589,0.1853606896204063,0.19601111411419556,133738,0.15556682587282275,859682,0.7603034909954728,0.8039888858858044,1069271,9261364,9261364,960875,0.10375091617174317,formal_NN_training/results/base_prefetcher_zoo/residual_audit/events/605.mcf_s-994B.sandbox.events.csv.gz,1
605.mcf_s-994B,power7,0.18163,0.9915383775521346,985267,715851,0.7265553398215915,0.03292521307768064,1466157,0,1466157,1386191,687520,129697,556672,17755,79966,0.08846051275545525,0.09356358539335488,0.09356358539335488,0.8795879337004584,0.01210989000495854,0.0,0.3796810300670392,0,,0,/home/qianruw/cache/formal_NN_training/results/base_prefetcher_zoo/behavior_audit/logs/605.mcf_s-994B.power7.log,985411,269416,715995,0.7265952988144033,77025,0.07816535435468043,0.09712869788908224,17367,0.024255755975949554,715995,0.7265952988144033,0.9028713021109177,793020,975958,975958,53320,0.05463349857268448,formal_NN_training/results/base_prefetcher_zoo/residual_audit/events/605.mcf_s-994B.power7.events.csv.gz,1
620.omnetpp_s-874B,no_pref,0.2375,1.0,451398,316554,0.7012747065782303,0.0,0,0,0,0,0,0,0,0,0,0.0,0.0,0.0,0.0,0.0,0.0,0.0,0,,0,/home/qianruw/cache/formal_NN_training/results/base_prefetcher_zoo/behavior_audit/logs/620.omnetpp_s-874B.no_pref.log,451398,134844,316554,0.7012747065782303,0,0.0,0.0,0,0.0,316554,0.7012747065782303,1.0,316554,0,0,0,0.0,formal_NN_training/results/base_prefetcher_zoo/residual_audit/events/620.omnetpp_s-874B.no_pref.events.csv.gz,1
620.omnetpp_s-874B,stride,0.23833,1.0034947368421052,451396,313694,0.69494191353047,0.009034793431768355,19579,0,19579,19578,7781,5928,1849,0,1,0.30277337964145257,0.30278884462151395,0.30278884462151395,1.0,0.0,0.0,0.0944379181776393,0,,0,/home/qianruw/cache/formal_NN_training/results/base_prefetcher_zoo/behavior_audit/logs/620.omnetpp_s-874B.stride.log,451396,137702,313694,0.69494191353047,2991,0.006626110997882126,0.009444716358526612,0,0.0,313694,0.69494191353047,0.9905552836414734,316685,9896,9896,1,0.00010105092966855295,formal_NN_training/results/base_prefetcher_zoo/residual_audit/events/620.omnetpp_s-874B.stride.events.csv.gz,1
620.omnetpp_s-874B,streamer,0.24228,1.0201263157894738,451360,278278,0.6165322580645162,0.120914599088939,757318,0,757318,659178,397943,110831,286074,2538,98140,0.14634671300563304,0.1681351622778673,0.1681351622778673,0.9776129276962838,0.0033513002463958336,0.0,0.37774620436857437,0,,0,/home/qianruw/cache/formal_NN_training/results/base_prefetcher_zoo/behavior_audit/logs/620.omnetpp_s-874B.streamer.log,451360,173082,278278,0.6165322580645162,52592,0.11651896490606169,0.15895064526853447,1942,0.006978632877913453,278278,0.6165322580645162,0.8410493547314656,330870,378952,378952,48338,0.12755705208047458,formal_NN_training/results/base_prefetcher_zoo/residual_audit/events/620.omnetpp_s-874B.streamer.events.csv.gz,1
620.omnetpp_s-874B,ampm,0.23976,1.0095157894736844,451359,300054,0.6647790339840349,0.05212380826020205,310419,0,310419,289753,143933,45147,98338,1868,20666,0.14543890676794913,0.15581201920256219,0.15581201920256219,0.9602679995746038,0.006017672887291049,0.0,0.3167911757978732,0,,0,/home/qianruw/cache/formal_NN_training/results/base_prefetcher_zoo/behavior_audit/logs/620.omnetpp_s-874B.ampm.log,451359,151305,300054,0.6647790339840349,22176,0.04913162250004985,0.0688204077832604,880,0.002932805428356229,300054,0.6647790339840349,0.9311795922167396,322230,158198,158198,10386,0.06565190457527909,formal_NN_training/results/base_prefetcher_zoo/residual_audit/events/620.omnetpp_s-874B.ampm.events.csv.gz,1
620.omnetpp_s-874B,spp,0.23869,1.0050105263157896,451389,316347,0.7008301044110512,0.000653916867264353,174696,0,174696,171086,127,74,53,34,3610,0.00042359298438430186,0.00043253100779724814,0.00043253100779724814,0.6851851851851852,0.0001946238036360306,0.0,0.00030338416449145943,0,,0,/home/qianruw/cache/formal_NN_training/results/base_prefetcher_zoo/behavior_audit/logs/620.omnetpp_s-874B.spp.log,451389,135042,316347,0.7008301044110512,50,0.00011076920350296529,0.0001580293112766556,13,4.1094115006622474e-05,316347,0.7008301044110512,0.9998419706887234,316397,90145,90145,2129,0.023617505130622884,formal_NN_training/results/base_prefetcher_zoo/residual_audit/events/620.omnetpp_s-874B.spp.events.csv.gz,1
620.omnetpp_s-874B,ipcp,0.23771,1.0008842105263158,451406,315134,0.6981165513971901,0.004485806529059813,29016,0,29016,29016,14872,5374,9433,374,0,0.18520816101461263,0.18520816101461263,0.18520816101461263,0.9349338900487126,0.012889440308795148,0.0,0.32509649848359523,0,,0,/home/qianruw/cache/formal_NN_training/results/base_prefetcher_zoo/behavior_audit/logs/620.omnetpp_s-874B.ipcp.log,451406,136272,315134,0.6981165513971901,2150,0.004762896372666734,0.006776263536768321,292,0.0009265899585573121,315134,0.6981165513971901,0.9932237364632317,317284,14185,14185,0,0.0,formal_NN_training/results/base_prefetcher_zoo/residual_audit/events/620.omnetpp_s-874B.ipcp.events.csv.gz,1
620.omnetpp_s-874B,sms,0.24695,1.0397894736842106,451284,246242,0.5456475301583925,0.22211692159947433,808086,0,808086,808086,593171,197737,394038,3655,0,0.24469796531557284,0.24469796531557284,0.24469796531557284,0.9818513148486534,0.0045230334395101515,0.0,0.4876188920486186,0,,0,/home/qianruw/cache/formal_NN_training/results/base_prefetcher_zoo/behavior_audit/logs/620.omnetpp_s-874B.sms.log,451284,205042,246242,0.5456475301583925,90340,0.20018436284025137,0.2684041333166955,1934,0.007854062263951722,246242,0.5456475301583925,0.7315958666833046,336582,412799,412799,0,0.0,formal_NN_training/results/base_prefetcher_zoo/residual_audit/events/620.omnetpp_s-874B.sms.events.csv.gz,1
620.omnetpp_s-874B,sandbox,0.24433,1.028757894736842,451253,237594,0.526520599309035,0.24943611516518507,7809601,186257,7623344,6663110,3656950,373815,3279950,10848,960234,0.04903556759343406,0.056102180513303845,0.056102180513303845,0.9717986913220144,0.0014229975716693356,0.02384974597293767,0.4302508190631303,0,,0,/home/qianruw/cache/formal_NN_training/results/base_prefetcher_zoo/behavior_audit/logs/620.omnetpp_s-874B.sandbox.log,466225,213659,252566,0.5417255616923159,161570,0.34654941283714946,0.39013753935905116,8884,0.03517496416778189,252566,0.5417255616923159,0.6098624606409488,414136,4271882,4271882,530053,0.12407950406869853,formal_NN_training/results/base_prefetcher_zoo/residual_audit/events/620.omnetpp_s-874B.sandbox.events.csv.gz,1
620.omnetpp_s-874B,power7,0.24232,1.0202947368421054,451341,278931,0.6180050117317062,0.11885175988930799,730714,0,730714,633770,378404,105531,271622,2751,96944,0.14442175734966076,0.16651308834435205,0.16651308834435205,0.9745941153654347,0.0037648108562310287,0.0,0.37172135746680646,0,,0,/home/qianruw/cache/formal_NN_training/results/base_prefetcher_zoo/behavior_audit/logs/620.omnetpp_s-874B.power7.log,451341,172410,278931,0.6180050117317062,52554,0.11643967643090258,0.15854111045748676,2005,0.007188157644722171,278931,0.6180050117317062,0.8414588895425132,331485,404526,404526,55098,0.13620385339879265,formal_NN_training/results/base_prefetcher_zoo/residual_audit/events/620.omnetpp_s-874B.power7.events.csv.gz,1
623.xalancbmk_s-700B,no_pref,0.35321,1.0,1218494,450350,0.36959558274394455,0.0,0,0,0,0,0,0,0,0,0,0.0,0.0,0.0,0.0,0.0,0.0,0.0,0,,0,/home/qianruw/cache/formal_NN_training/results/base_prefetcher_zoo/behavior_audit/logs/623.xalancbmk_s-700B.no_pref.log,1218494,768144,450350,0.36959558274394455,0,0.0,0.0,0,0.0,450350,0.36959558274394455,1.0,450350,0,0,0,0.0,formal_NN_training/results/base_prefetcher_zoo/residual_audit/events/623.xalancbmk_s-700B.no_pref.events.csv.gz,1
623.xalancbmk_s-700B,stride,0.3534,1.0005379236148466,1218495,448287,0.36790220723105144,0.004580881536582658,299845,0,299845,268834,19224,18849,373,7498,31011,0.06286247894745618,0.07011389928357276,0.07011389928357276,0.715413519565795,0.025006253230835933,0.0,0.0012439760542947188,0,,0,/home/qianruw/cache/formal_NN_training/results/base_prefetcher_zoo/behavior_audit/logs/623.xalancbmk_s-700B.stride.log,1218495,770208,448287,0.36790220723105144,2119,0.0017390305253612037,0.004704644254295014,7486,0.01669912355254558,448287,0.36790220723105144,0.9952953557457049,450406,166147,166147,29686,0.17867310273432563,formal_NN_training/results/base_prefetcher_zoo/residual_audit/events/623.xalancbmk_s-700B.stride.events.csv.gz,1
623.xalancbmk_s-700B,streamer,0.33644,0.9525211630474788,1218352,730241,0.5993678345831089,-0.6214966137448651,2459972,0,2459972,2136580,828293,111140,715938,6770,323392,0.045179376025418175,0.052017710546761645,0.052017710546761645,0.942583326265796,0.0027520638446291257,0.0,0.2910350199107957,0,,0,/home/qianruw/cache/formal_NN_training/results/base_prefetcher_zoo/behavior_audit/logs/623.xalancbmk_s-700B.streamer.log,1218352,488111,730241,0.5993678345831089,49555,0.04067379542201269,0.06354867170388152,6635,0.009086041457546207,730241,0.5993678345831089,0.9364513282961184,779796,1303747,1303747,221023,0.16952905740147436,formal_NN_training/results/base_prefetcher_zoo/residual_audit/events/623.xalancbmk_s-700B.streamer.events.csv.gz,1
623.xalancbmk_s-700B,ampm,0.34924,0.9887602276266243,1218334,505771,0.4151332885727559,-0.12306206284001332,924845,0,924845,839364,139608,52884,86456,3276,85481,0.05718147365234175,0.0630048465266559,0.0630048465266559,0.9416666666666667,0.003542215182003471,0.0,0.09348161043201834,0,,0,/home/qianruw/cache/formal_NN_training/results/base_prefetcher_zoo/behavior_audit/logs/623.xalancbmk_s-700B.ampm.log,1218334,712563,505771,0.4151332885727559,22845,0.018751015731318342,0.0432166260574784,3240,0.006406061241154594,505771,0.4151332885727559,0.9567833739425216,528616,500930,500930,76605,0.15292555846126205,formal_NN_training/results/base_prefetcher_zoo/residual_audit/events/623.xalancbmk_s-700B.ampm.events.csv.gz,1
623.xalancbmk_s-700B,spp,0.35391,1.001981823844172,1218483,439632,0.36080273586090245,0.02379926723659376,1670201,0,1670201,1612741,30949,7816,23108,1870,57460,0.004679676278483847,0.004846407451661488,0.004846407451661488,0.806937848441049,0.0011196257216945745,0.0,0.013835460522416165,0,,0,/home/qianruw/cache/formal_NN_training/results/base_prefetcher_zoo/behavior_audit/logs/623.xalancbmk_s-700B.spp.log,1218483,778851,439632,0.36080273586090245,1140,0.000935589581471387,0.002586371185102502,1852,0.004212614186410452,439632,0.36080273586090245,0.9974136288148975,440772,804305,804305,42036,0.05226375566482864,formal_NN_training/results/base_prefetcher_zoo/residual_audit/events/623.xalancbmk_s-700B.spp.events.csv.gz,1
623.xalancbmk_s-700B,ipcp,0.35241,0.9977350584638034,1218487,461190,0.37849398475322266,-0.024070167647385367,87172,0,87172,87172,16769,5863,10856,118,0,0.06725783508466021,0.06725783508466021,0.06725783508466021,0.980270857716101,0.001353645666039554,0.0,0.12453540127563896,0,,0,/home/qianruw/cache/formal_NN_training/results/base_prefetcher_zoo/behavior_audit/logs/623.xalancbmk_s-700B.ipcp.log,1218487,757297,461190,0.37849398475322266,2858,0.002345531794758582,0.006158845636658277,80,0.00017346429887898698,461190,0.37849398475322266,0.9938411543633417,464048,59386,59386,0,0.0,formal_NN_training/results/base_prefetcher_zoo/residual_audit/events/623.xalancbmk_s-700B.ipcp.events.csv.gz,1
623.xalancbmk_s-700B,sms,0.34167,0.967328218340364,1218827,656622,0.5387327323730111,-0.45802597979349396,1932085,0,1932085,1932085,1057158,291589,764626,11070,0,0.15091934361065895,0.15091934361065895,0.15091934361065895,0.963424183652229,0.005729561587611311,0.0,0.39575173970089306,0,,0,/home/qianruw/cache/formal_NN_training/results/base_prefetcher_zoo/behavior_audit/logs/623.xalancbmk_s-700B.sms.log,1218827,562205,656622,0.5387327323730111,124113,0.10182987413308041,0.15896943265000288,10936,0.01665493998068904,656622,0.5387327323730111,0.8410305673499971,780735,894555,894555,0,0.0,formal_NN_training/results/base_prefetcher_zoo/residual_audit/events/623.xalancbmk_s-700B.sms.events.csv.gz,1
623.xalancbmk_s-700B,sandbox,0.34524,0.9774355199456413,1218507,600003,0.49240833249213994,-0.33230376373931386,17013266,4122042,12891224,10755534,5030567,536632,4491270,23596,2135690,0.04162769958849524,0.049893571067694084,0.049893571067694084,0.9578814339875907,0.0018303925212997617,0.24228399179792992,0.34839748343524246,0,,0,/home/qianruw/cache/formal_NN_training/results/base_prefetcher_zoo/behavior_audit/logs/623.xalancbmk_s-700B.sandbox.log,1218513,618504,600009,0.4924108318910016,368129,0.30211331352230136,0.3802443453309342,23387,0.038977748667103324,600009,0.4924108318910016,0.6197556546690658,968138,8210756,8210756,1248937,0.15210986661885945,formal_NN_training/results/base_prefetcher_zoo/residual_audit/events/623.xalancbmk_s-700B.sandbox.events.csv.gz,1
623.xalancbmk_s-700B,power7,0.3433,0.9719430367203645,1218439,615468,0.5051282829915983,-0.36664372154990565,1764449,0,1764449,1503898,560701,82274,477415,7460,260551,0.046628720920808706,0.05470716764035859,0.05470716764035859,0.9168654021886911,0.0042279487817443295,0.0,0.2705745533024757,0,,0,/home/qianruw/cache/formal_NN_training/results/base_prefetcher_zoo/behavior_audit/logs/623.xalancbmk_s-700B.power7.log,1218439,602971,615468,0.5051282829915983,27781,0.02280048488270648,0.043188563060339,7360,0.01195837963955884,615468,0.5051282829915983,0.956811436939661,643249,720657,720657,120576,0.16731399264837502,formal_NN_training/results/base_prefetcher_zoo/residual_audit/events/623.xalancbmk_s-700B.power7.events.csv.gz,1
