run_id,hidden_size,checkpoint,field,old_value,new_value,difference,exact_match
historical_frozen_i1m_h16_s7_state0_mac0,16,i1m,ipc,0.40974,0.40974,0.0,True
historical_frozen_i1m_h16_s7_state0_mac0,16,i1m,instructions,25000003,25000003,0,True
historical_frozen_i1m_h16_s7_state0_mac0,16,i1m,cycles,61014571,61014571,0,True
historical_frozen_i1m_h16_s7_state0_mac0,16,i1m,emitted,0,0,0,True
historical_frozen_i1m_h16_s7_state0_mac0,16,i1m,callbacks,0,0,0,True
historical_frozen_i1m_h16_s7_state0_mac0,16,i1m,matched,0,0,0,True
historical_frozen_i1m_h16_s7_state0_mac0,16,i1m,l2_loads,404219,404219,0,True
historical_frozen_i1m_h16_s7_state0_mac0,16,i1m,l2_load_miss,84667,84667,0,True
historical_frozen_i1m_h16_s7_state0_mac0,16,i1m,l2_load_miss_rate,0.20945823922180798,0.20945823922180798,0.0,True
historical_frozen_i1m_h16_s7_state0_mac0,16,i1m,pf_requested,488663,488663,0,True
historical_frozen_i1m_h16_s7_state0_mac0,16,i1m,pf_dropped,0,0,0,True
historical_frozen_i1m_h16_s7_state0_mac0,16,i1m,pf_issued,488663,488663,0,True
historical_frozen_i1m_h16_s7_state0_mac0,16,i1m,nodup_issued,488663,488663,0,True
historical_frozen_i1m_h16_s7_state0_mac0,16,i1m,pf_filled,121987,121987,0,True
historical_frozen_i1m_h16_s7_state0_mac0,16,i1m,pf_useful,118463,118463,0,True
historical_frozen_i1m_h16_s7_state0_mac0,16,i1m,pf_useless,3484,3484,0,True
historical_frozen_i1m_h16_s7_state0_mac0,16,i1m,pf_late,58,58,0,True
historical_frozen_i1m_h16_s7_state0_mac0,16,i1m,pq_merged_duplicate_proxy,0,0,0,True
historical_frozen_i1m_h16_s7_state0_mac0,16,i1m,accuracy,0.24242269212115508,0.24242269212115508,0.0,True
historical_frozen_i1m_h16_s7_state0_mac0,16,i1m,nodup_accuracy,0.24242269212115508,0.24242269212115508,0.0,True
historical_frozen_i1m_h16_s7_state0_mac0,16,i1m,selected_accuracy,0.24242269212115508,0.24242269212115508,0.0,True
historical_frozen_i1m_h16_s7_state0_mac0,16,i1m,useful_per_l2_miss_self,1.3991637828197527,1.3991637828197527,0.0,True
historical_frozen_i1m_h16_s7_state0_mac0,16,i1m,timeliness,0.9995106352460745,0.9995106352460745,0.0,True
historical_frozen_i1m_h16_s7_state0_mac0,16,i1m,request_per_l2_load,1.2089065580786653,1.2089065580786653,0.0,True
historical_frozen_i1m_h16_s7_state0_mac0,16,i1m,merge_per_issued,0.0,0.0,0.0,True
historical_frozen_i1m_h16_s7_state0_mac0,16,i1m,late_per_issued,0.00011869120436783633,0.00011869120436783633,0.0,True
historical_frozen_i1m_h16_s7_state0_mac0,16,i1m,drop_rate,0.0,0.0,0.0,True
historical_frozen_i1m_h16_s7_state0_mac0,16,i1m,fill_per_nodup_issued,0.2496342059865388,0.2496342059865388,0.0,True
historical_frozen_i1m_h16_s7_state0_mac0,16,i1m,useless_per_issued,0.00712965786237141,0.00712965786237141,0.0,True
historical_frozen_i1m_h16_s7_state0_mac0,16,i1m,resolved_fill_utility,0.9714302114853174,0.9714302114853174,0.0,True
historical_frozen_i1m_h8_s7_state0_mac0,8,i1m,ipc,0.40914,0.40914,0.0,True
historical_frozen_i1m_h8_s7_state0_mac0,8,i1m,instructions,25000003,25000003,0,True
historical_frozen_i1m_h8_s7_state0_mac0,8,i1m,cycles,61103980,61103980,0,True
historical_frozen_i1m_h8_s7_state0_mac0,8,i1m,emitted,0,0,0,True
historical_frozen_i1m_h8_s7_state0_mac0,8,i1m,callbacks,0,0,0,True
historical_frozen_i1m_h8_s7_state0_mac0,8,i1m,matched,0,0,0,True
historical_frozen_i1m_h8_s7_state0_mac0,8,i1m,l2_loads,404219,404219,0,True
historical_frozen_i1m_h8_s7_state0_mac0,8,i1m,l2_load_miss,85315,85315,0,True
historical_frozen_i1m_h8_s7_state0_mac0,8,i1m,l2_load_miss_rate,0.21106133061533475,0.21106133061533475,0.0,True
historical_frozen_i1m_h8_s7_state0_mac0,8,i1m,pf_requested,384769,384769,0,True
historical_frozen_i1m_h8_s7_state0_mac0,8,i1m,pf_dropped,0,0,0,True
historical_frozen_i1m_h8_s7_state0_mac0,8,i1m,pf_issued,384769,384769,0,True
historical_frozen_i1m_h8_s7_state0_mac0,8,i1m,nodup_issued,384769,384769,0,True
historical_frozen_i1m_h8_s7_state0_mac0,8,i1m,pf_filled,121051,121051,0,True
historical_frozen_i1m_h8_s7_state0_mac0,8,i1m,pf_useful,117814,117814,0,True
historical_frozen_i1m_h8_s7_state0_mac0,8,i1m,pf_useless,3200,3200,0,True
historical_frozen_i1m_h8_s7_state0_mac0,8,i1m,pf_late,26,26,0,True
historical_frozen_i1m_h8_s7_state0_mac0,8,i1m,pq_merged_duplicate_proxy,0,0,0,True
historical_frozen_i1m_h8_s7_state0_mac0,8,i1m,accuracy,0.306194106074034,0.306194106074034,0.0,True
historical_frozen_i1m_h8_s7_state0_mac0,8,i1m,nodup_accuracy,0.306194106074034,0.306194106074034,0.0,True
historical_frozen_i1m_h8_s7_state0_mac0,8,i1m,selected_accuracy,0.306194106074034,0.306194106074034,0.0,True
historical_frozen_i1m_h8_s7_state0_mac0,8,i1m,useful_per_l2_miss_self,1.380929496571529,1.380929496571529,0.0,True
historical_frozen_i1m_h8_s7_state0_mac0,8,i1m,timeliness,0.9997793618465716,0.9997793618465716,0.0,True
historical_frozen_i1m_h8_s7_state0_mac0,8,i1m,request_per_l2_load,0.9518825191294817,0.9518825191294817,0.0,True
historical_frozen_i1m_h8_s7_state0_mac0,8,i1m,merge_per_issued,0.0,0.0,0.0,True
historical_frozen_i1m_h8_s7_state0_mac0,8,i1m,late_per_issued,6.75730113392711e-05,6.75730113392711e-05,0.0,True
historical_frozen_i1m_h8_s7_state0_mac0,8,i1m,drop_rate,0.0,0.0,0.0,True
historical_frozen_i1m_h8_s7_state0_mac0,8,i1m,fill_per_nodup_issued,0.31460694598577327,0.31460694598577327,0.0,True
historical_frozen_i1m_h8_s7_state0_mac0,8,i1m,useless_per_issued,0.00831667831867952,0.00831667831867952,0.0,True
historical_frozen_i1m_h8_s7_state0_mac0,8,i1m,resolved_fill_utility,0.9735567785545474,0.9735567785545474,0.0,True
historical_frozen_i20m_h16_s7_state0_mac0,16,i20m,ipc,0.40995,0.40995,0.0,True
historical_frozen_i20m_h16_s7_state0_mac0,16,i20m,instructions,25000003,25000003,0,True
historical_frozen_i20m_h16_s7_state0_mac0,16,i20m,cycles,60983624,60983624,0,True
historical_frozen_i20m_h16_s7_state0_mac0,16,i20m,emitted,0,0,0,True
historical_frozen_i20m_h16_s7_state0_mac0,16,i20m,callbacks,0,0,0,True
historical_frozen_i20m_h16_s7_state0_mac0,16,i20m,matched,0,0,0,True
historical_frozen_i20m_h16_s7_state0_mac0,16,i20m,l2_loads,404219,404219,0,True
historical_frozen_i20m_h16_s7_state0_mac0,16,i20m,l2_load_miss,84383,84383,0,True
historical_frozen_i20m_h16_s7_state0_mac0,16,i20m,l2_load_miss_rate,0.20875564978390426,0.20875564978390426,0.0,True
historical_frozen_i20m_h16_s7_state0_mac0,16,i20m,pf_requested,433584,433584,0,True
historical_frozen_i20m_h16_s7_state0_mac0,16,i20m,pf_dropped,0,0,0,True
historical_frozen_i20m_h16_s7_state0_mac0,16,i20m,pf_issued,433584,433584,0,True
historical_frozen_i20m_h16_s7_state0_mac0,16,i20m,nodup_issued,433584,433584,0,True
historical_frozen_i20m_h16_s7_state0_mac0,16,i20m,pf_filled,123123,123123,0,True
historical_frozen_i20m_h16_s7_state0_mac0,16,i20m,pf_useful,118748,118748,0,True
historical_frozen_i20m_h16_s7_state0_mac0,16,i20m,pf_useless,4323,4323,0,True
historical_frozen_i20m_h16_s7_state0_mac0,16,i20m,pf_late,105,105,0,True
historical_frozen_i20m_h16_s7_state0_mac0,16,i20m,pq_merged_duplicate_proxy,0,0,0,True
historical_frozen_i20m_h16_s7_state0_mac0,16,i20m,accuracy,0.2738754197571866,0.2738754197571866,0.0,True
historical_frozen_i20m_h16_s7_state0_mac0,16,i20m,nodup_accuracy,0.2738754197571866,0.2738754197571866,0.0,True
historical_frozen_i20m_h16_s7_state0_mac0,16,i20m,selected_accuracy,0.2738754197571866,0.2738754197571866,0.0,True
historical_frozen_i20m_h16_s7_state0_mac0,16,i20m,useful_per_l2_miss_self,1.4072502755294314,1.4072502755294314,0.0,True
historical_frozen_i20m_h16_s7_state0_mac0,16,i20m,timeliness,0.9991165557453324,0.9991165557453324,0.0,True
historical_frozen_i20m_h16_s7_state0_mac0,16,i20m,request_per_l2_load,1.0726462635353609,1.0726462635353609,0.0,True
historical_frozen_i20m_h16_s7_state0_mac0,16,i20m,merge_per_issued,0.0,0.0,0.0,True
historical_frozen_i20m_h16_s7_state0_mac0,16,i20m,late_per_issued,0.00024216760766079928,0.00024216760766079928,0.0,True
historical_frozen_i20m_h16_s7_state0_mac0,16,i20m,drop_rate,0.0,0.0,0.0,True
historical_frozen_i20m_h16_s7_state0_mac0,16,i20m,fill_per_nodup_issued,0.28396573674305325,0.28396573674305325,0.0,True
historical_frozen_i20m_h16_s7_state0_mac0,16,i20m,useless_per_issued,0.009970386361120336,0.009970386361120336,0.0,True
historical_frozen_i20m_h16_s7_state0_mac0,16,i20m,resolved_fill_utility,0.9648739345581006,0.9648739345581006,0.0,True
historical_frozen_i20m_h8_s7_state0_mac0,8,i20m,ipc,0.40925,0.40925,0.0,True
historical_frozen_i20m_h8_s7_state0_mac0,8,i20m,instructions,25000003,25000003,0,True
historical_frozen_i20m_h8_s7_state0_mac0,8,i20m,cycles,61086777,61086777,0,True
historical_frozen_i20m_h8_s7_state0_mac0,8,i20m,emitted,0,0,0,True
historical_frozen_i20m_h8_s7_state0_mac0,8,i20m,callbacks,0,0,0,True
historical_frozen_i20m_h8_s7_state0_mac0,8,i20m,matched,0,0,0,True
historical_frozen_i20m_h8_s7_state0_mac0,8,i20m,l2_loads,404219,404219,0,True
historical_frozen_i20m_h8_s7_state0_mac0,8,i20m,l2_load_miss,86189,86189,0,True
historical_frozen_i20m_h8_s7_state0_mac0,8,i20m,l2_load_miss_rate,0.2132235248714187,0.2132235248714187,0.0,True
historical_frozen_i20m_h8_s7_state0_mac0,8,i20m,pf_requested,455130,455130,0,True
historical_frozen_i20m_h8_s7_state0_mac0,8,i20m,pf_dropped,0,0,0,True
historical_frozen_i20m_h8_s7_state0_mac0,8,i20m,pf_issued,455130,455130,0,True
historical_frozen_i20m_h8_s7_state0_mac0,8,i20m,nodup_issued,455130,455130,0,True
historical_frozen_i20m_h8_s7_state0_mac0,8,i20m,pf_filled,121385,121385,0,True
historical_frozen_i20m_h8_s7_state0_mac0,8,i20m,pf_useful,116943,116943,0,True
historical_frozen_i20m_h8_s7_state0_mac0,8,i20m,pf_useless,4391,4391,0,True
historical_frozen_i20m_h8_s7_state0_mac0,8,i20m,pf_late,93,93,0,True
historical_frozen_i20m_h8_s7_state0_mac0,8,i20m,pq_merged_duplicate_proxy,0,0,0,True
historical_frozen_i20m_h8_s7_state0_mac0,8,i20m,accuracy,0.25694416979764023,0.25694416979764023,0.0,True
historical_frozen_i20m_h8_s7_state0_mac0,8,i20m,nodup_accuracy,0.25694416979764023,0.25694416979764023,0.0,True
historical_frozen_i20m_h8_s7_state0_mac0,8,i20m,selected_accuracy,0.25694416979764023,0.25694416979764023,0.0,True
historical_frozen_i20m_h8_s7_state0_mac0,8,i20m,useful_per_l2_miss_self,1.3568204759308031,1.3568204759308031,0.0,True
historical_frozen_i20m_h8_s7_state0_mac0,8,i20m,timeliness,0.9992053727058341,0.9992053727058341,0.0,True
historical_frozen_i20m_h8_s7_state0_mac0,8,i20m,request_per_l2_load,1.125949052370126,1.125949052370126,0.0,True
historical_frozen_i20m_h8_s7_state0_mac0,8,i20m,merge_per_issued,0.0,0.0,0.0,True
historical_frozen_i20m_h8_s7_state0_mac0,8,i20m,late_per_issued,0.00020433722233208093,0.00020433722233208093,0.0,True
historical_frozen_i20m_h8_s7_state0_mac0,8,i20m,drop_rate,0.0,0.0,0.0,True
historical_frozen_i20m_h8_s7_state0_mac0,8,i20m,fill_per_nodup_issued,0.2667040186320392,0.2667040186320392,0.0,True
historical_frozen_i20m_h8_s7_state0_mac0,8,i20m,useless_per_issued,0.00964779293828137,0.00964779293828137,0.0,True
historical_frozen_i20m_h8_s7_state0_mac0,8,i20m,resolved_fill_utility,0.9638106384030857,0.9638106384030857,0.0,True
