run_id,completion,instructions,eligible,admitted,pc,line,life,arrival_cycle,start_cycle,scheduled_finish_cycle,finish_cycle,prior_updates,post_updates,failed,emit,old_h,old_c,new_h,new_c,candidate_addresses,k
cold_history_h8_i1m,12,40,12,12,4257639,702778647070,12,1962,1962,1962,1962,0,1,False,0,"[0, 0, 0, 0, 0, 0, 0, 0]","[0, 0, 0, 0, 0, 0, 0, 0]","[-0.157287955, 0.280715644, -0.30418551, -0.254862398, -0.369003028, -0.21570538, -0.302557617, -0.0872508585]","[-0.181672171, 0.556491733, -0.463678807, -0.349136978, -0.484922081, -0.513204873, -0.500368595, -0.129307002]",[],0
cold_history_h8_i1m,13,43,13,13,4257930,702778646955,13,2103,2103,2103,2103,0,1,False,0,"[0, 0, 0, 0, 0, 0, 0, 0]","[0, 0, 0, 0, 0, 0, 0, 0]","[-0.20822148, 0.299127936, -0.288989335, -0.217046723, -0.322319508, -0.196167082, -0.249786392, -0.00649089087]","[-0.243596375, 0.552225292, -0.439600766, -0.285950452, -0.42373085, -0.519348979, -0.424778402, -0.00933732651]",[],0
cold_history_h8_i1m,14,56,14,14,4257008,702778646867,14,2260,2260,2260,2260,0,1,False,1,"[0, 0, 0, 0, 0, 0, 0, 0]","[0, 0, 0, 0, 0, 0, 0, 0]","[0.299072593, 0.207681894, -0.178064615, -0.201646, -0.406469226, -0.24702163, -0.404810041, -0.32816872]","[0.360256314, 0.463379323, -0.315378308, -0.295401275, -0.556553483, -0.455506504, -0.598315656, -0.48201713]",[44977833399488],1
cold_history_h8_i1m,15,56,15,15,4257721,702778647038,15,2271,2271,2271,2271,0,1,False,1,"[0, 0, 0, 0, 0, 0, 0, 0]","[0, 0, 0, 0, 0, 0, 0, 0]","[0.217923835, 0.22557956, -0.213698134, -0.207933143, -0.426805735, -0.248548657, -0.398102432, -0.2919496]","[0.254613519, 0.518330932, -0.357343704, -0.290060103, -0.572592735, -0.49387911, -0.591056585, -0.420340389]",[44977833410432],1
cold_history_h8_i1m,16,58,16,16,4257076,702778646957,2,2392,2392,2392,2392,1,2,False,0,"[0.0734509602, 0.244620115, -0.219587162, -0.203813523, -0.384994179, -0.224460334, -0.342440933, -0.217634872]","[0.0853217319, 0.514745116, -0.361332804, -0.283811986, -0.518573463, -0.475640833, -0.5306229, -0.316016018]","[0.152006611, 0.420280486, -0.397901386, -0.416557372, -0.597004116, -0.283716828, -0.522967219, -0.336214751]","[0.170547128, 0.929909229, -0.629111946, -0.583433568, -0.904010653, -0.706862807, -0.835213721, -0.512702823]",[],0
cold_history_h8_i1m,17,125,17,17,4257546,702778647039,16,2652,2652,2652,2652,0,1,False,0,"[0, 0, 0, 0, 0, 0, 0, 0]","[0, 0, 0, 0, 0, 0, 0, 0]","[-0.265663326, 0.309405118, -0.324866295, -0.244533077, -0.339355737, -0.189212739, -0.248013511, 0.0316087715]","[-0.313166261, 0.583681524, -0.479414403, -0.319732726, -0.439030111, -0.52543515, -0.436941326, 0.0469179414]",[],0
cold_history_h8_i1m,18,185,18,18,4257551,702778646958,17,2779,2779,2779,2779,0,1,False,0,"[0, 0, 0, 0, 0, 0, 0, 0]","[0, 0, 0, 0, 0, 0, 0, 0]","[-0.268230826, 0.311987042, -0.323141247, -0.24009259, -0.326626748, -0.191732079, -0.240357637, 0.0421424545]","[-0.317128539, 0.580460787, -0.477062851, -0.314187527, -0.423872739, -0.533175111, -0.42036128, 0.0624166988]",[],0
cold_history_h8_i1m,19,284,19,19,4257721,702778647104,15,3301,3301,3301,3301,1,2,False,1,"[0.217923835, 0.22557956, -0.213698134, -0.207933143, -0.426805735, -0.248548657, -0.398102432, -0.2919496]","[0.254613519, 0.518330932, -0.357343704, -0.290060103, -0.572592735, -0.49387911, -0.591056585, -0.420340389]","[0.462595105, 0.37169522, -0.362617373, -0.424385518, -0.635532796, -0.325632781, -0.610001743, -0.460319877]","[0.566886187, 0.911569595, -0.579783678, -0.61183852, -0.989102125, -0.720446885, -0.947520018, -0.754270196]",[44977833414656],1
cold_history_h8_i1m_mac16,12,549,23,23,4257639,702778647070,12,1962,4017,4327,4327,0,1,False,0,"[0, 0, 0, 0, 0, 0, 0, 0]","[0, 0, 0, 0, 0, 0, 0, 0]","[-0.157287955, 0.280715644, -0.30418551, -0.254862398, -0.369003028, -0.21570538, -0.302557617, -0.0872508585]","[-0.181672171, 0.556491733, -0.463678807, -0.349136978, -0.484922081, -0.513204873, -0.500368595, -0.129307002]",[],0
cold_history_h8_i1m_mac16,13,683,24,24,4257930,702778646955,13,2103,4327,4638,4638,0,1,False,0,"[0, 0, 0, 0, 0, 0, 0, 0]","[0, 0, 0, 0, 0, 0, 0, 0]","[-0.20822148, 0.299127936, -0.288989335, -0.217046723, -0.322319508, -0.196167082, -0.249786392, -0.00649089087]","[-0.243596375, 0.552225292, -0.439600766, -0.285950452, -0.42373085, -0.519348979, -0.424778402, -0.00933732651]",[],0
cold_history_h8_i1m_mac16,14,824,27,27,4257008,702778646867,14,2260,4638,5073,5073,0,1,False,1,"[0, 0, 0, 0, 0, 0, 0, 0]","[0, 0, 0, 0, 0, 0, 0, 0]","[0.299072593, 0.207681894, -0.178064615, -0.201646, -0.406469226, -0.24702163, -0.404810041, -0.32816872]","[0.360256314, 0.463379323, -0.315378308, -0.295401275, -0.556553483, -0.455506504, -0.598315656, -0.48201713]",[44977833399488],1
cold_history_h8_i1m_mac16,15,947,30,30,4257721,702778647038,15,2271,5073,5508,5508,0,1,False,1,"[0, 0, 0, 0, 0, 0, 0, 0]","[0, 0, 0, 0, 0, 0, 0, 0]","[0.217923835, 0.22557956, -0.213698134, -0.207933143, -0.426805735, -0.248548657, -0.398102432, -0.2919496]","[0.254613519, 0.518330932, -0.357343704, -0.290060103, -0.572592735, -0.49387911, -0.591056585, -0.420340389]",[44977833410432],1
cold_history_h8_i1m_mac16,16,1085,31,31,4257076,702778646957,2,2392,5508,5819,5819,1,2,False,0,"[0.0734509602, 0.244620115, -0.219587162, -0.203813523, -0.384994179, -0.224460334, -0.342440933, -0.217634872]","[0.0853217319, 0.514745116, -0.361332804, -0.283811986, -0.518573463, -0.475640833, -0.5306229, -0.316016018]","[0.152006611, 0.420280486, -0.397901386, -0.416557372, -0.597004116, -0.283716828, -0.522967219, -0.336214751]","[0.170547128, 0.929909229, -0.629111946, -0.583433568, -0.904010653, -0.706862807, -0.835213721, -0.512702823]",[],0
cold_history_h8_i1m_mac16,17,1187,33,33,4257546,702778647039,16,2652,5819,6130,6130,0,1,False,0,"[0, 0, 0, 0, 0, 0, 0, 0]","[0, 0, 0, 0, 0, 0, 0, 0]","[-0.265663326, 0.309405118, -0.324866295, -0.244533077, -0.339355737, -0.189212739, -0.248013511, 0.0316087715]","[-0.313166261, 0.583681524, -0.479414403, -0.319732726, -0.439030111, -0.52543515, -0.436941326, 0.0469179414]",[],0
cold_history_h8_i1m_mac16,18,1306,34,34,4257551,702778646958,17,2779,6130,6442,6442,0,1,False,0,"[0, 0, 0, 0, 0, 0, 0, 0]","[0, 0, 0, 0, 0, 0, 0, 0]","[-0.268230826, 0.311987042, -0.323141247, -0.24009259, -0.326626748, -0.191732079, -0.240357637, 0.0421424545]","[-0.317128539, 0.580460787, -0.477062851, -0.314187527, -0.423872739, -0.533175111, -0.42036128, 0.0624166988]",[],0
cold_history_h8_i1m_mac16,19,1465,37,35,4257721,702778647104,15,3301,6442,6878,6878,1,2,False,1,"[0.217923835, 0.22557956, -0.213698134, -0.207933143, -0.426805735, -0.248548657, -0.398102432, -0.2919496]","[0.254613519, 0.518330932, -0.357343704, -0.290060103, -0.572592735, -0.49387911, -0.591056585, -0.420340389]","[0.462595105, 0.37169522, -0.362617373, -0.424385518, -0.635532796, -0.325632781, -0.610001743, -0.460319877]","[0.566886187, 0.911569595, -0.579783678, -0.61183852, -0.989102125, -0.720446885, -0.947520018, -0.754270196]",[44977833414656],1
cold_history_h8_i1m_mac4,12,1976,46,28,4257639,702778647070,12,1962,7724,8355,8355,0,1,False,0,"[0, 0, 0, 0, 0, 0, 0, 0]","[0, 0, 0, 0, 0, 0, 0, 0]","[-0.157287955, 0.280715644, -0.30418551, -0.254862398, -0.369003028, -0.21570538, -0.302557617, -0.0872508585]","[-0.181672171, 0.556491733, -0.463678807, -0.349136978, -0.484922081, -0.513204873, -0.500368595, -0.129307002]",[],0
cold_history_h8_i1m_mac4,13,2188,49,29,4257930,702778646955,13,2103,8355,8987,8987,0,1,False,0,"[0, 0, 0, 0, 0, 0, 0, 0]","[0, 0, 0, 0, 0, 0, 0, 0]","[-0.20822148, 0.299127936, -0.288989335, -0.217046723, -0.322319508, -0.196167082, -0.249786392, -0.00649089087]","[-0.243596375, 0.552225292, -0.439600766, -0.285950452, -0.42373085, -0.519348979, -0.424778402, -0.00933732651]",[],0
cold_history_h8_i1m_mac4,14,2386,52,30,4257008,702778646867,14,2260,8987,9787,9787,0,1,False,1,"[0, 0, 0, 0, 0, 0, 0, 0]","[0, 0, 0, 0, 0, 0, 0, 0]","[0.299072593, 0.207681894, -0.178064615, -0.201646, -0.406469226, -0.24702163, -0.404810041, -0.32816872]","[0.360256314, 0.463379323, -0.315378308, -0.295401275, -0.556553483, -0.455506504, -0.598315656, -0.48201713]",[44977833399488],1
cold_history_h8_i1m_mac4,15,2665,58,31,4257721,702778647038,15,2271,9787,10587,10587,0,1,False,1,"[0, 0, 0, 0, 0, 0, 0, 0]","[0, 0, 0, 0, 0, 0, 0, 0]","[0.217923835, 0.22557956, -0.213698134, -0.207933143, -0.426805735, -0.248548657, -0.398102432, -0.2919496]","[0.254613519, 0.518330932, -0.357343704, -0.290060103, -0.572592735, -0.49387911, -0.591056585, -0.420340389]",[44977833410432],1
cold_history_h8_i1m_mac4,16,2896,60,32,4257076,702778646957,2,2392,10587,11219,11219,1,2,False,0,"[0.0734509602, 0.244620115, -0.219587162, -0.203813523, -0.384994179, -0.224460334, -0.342440933, -0.217634872]","[0.0853217319, 0.514745116, -0.361332804, -0.283811986, -0.518573463, -0.475640833, -0.5306229, -0.316016018]","[0.152006611, 0.420280486, -0.397901386, -0.416557372, -0.597004116, -0.283716828, -0.522967219, -0.336214751]","[0.170547128, 0.929909229, -0.629111946, -0.583433568, -0.904010653, -0.706862807, -0.835213721, -0.512702823]",[],0
cold_history_h8_i1m_mac4,17,3077,64,33,4257546,702778647039,16,2652,11219,11851,11851,0,1,False,0,"[0, 0, 0, 0, 0, 0, 0, 0]","[0, 0, 0, 0, 0, 0, 0, 0]","[-0.265663326, 0.309405118, -0.324866295, -0.244533077, -0.339355737, -0.189212739, -0.248013511, 0.0316087715]","[-0.313166261, 0.583681524, -0.479414403, -0.319732726, -0.439030111, -0.52543515, -0.436941326, 0.0469179414]",[],0
cold_history_h8_i1m_mac4,18,3305,68,34,4257551,702778646958,17,2779,11851,12484,12484,0,1,False,0,"[0, 0, 0, 0, 0, 0, 0, 0]","[0, 0, 0, 0, 0, 0, 0, 0]","[-0.268230826, 0.311987042, -0.323141247, -0.24009259, -0.326626748, -0.191732079, -0.240357637, 0.0421424545]","[-0.317128539, 0.580460787, -0.477062851, -0.314187527, -0.423872739, -0.533175111, -0.42036128, 0.0624166988]",[],0
cold_history_h8_i1m_mac4,19,3576,71,35,4257721,702778647104,15,3301,12484,13285,13285,1,2,False,1,"[0.217923835, 0.22557956, -0.213698134, -0.207933143, -0.426805735, -0.248548657, -0.398102432, -0.2919496]","[0.254613519, 0.518330932, -0.357343704, -0.290060103, -0.572592735, -0.49387911, -0.591056585, -0.420340389]","[0.462595105, 0.37169522, -0.362617373, -0.424385518, -0.635532796, -0.325632781, -0.610001743, -0.460319877]","[0.566886187, 0.911569595, -0.579783678, -0.61183852, -0.989102125, -0.720446885, -0.947520018, -0.754270196]",[44977833414656],1
